code,name
920069,N普昂
300204,舒泰神
300461,田中精机
688068,热景生物
301292,海科新源
300858,科拓生物
300054,鼎龙股份
300765,新诺威
688710,益诺思
300390,天华新能
301201,诚达药业
688796,百奥赛图
688506,百利天恒
300877,金春股份
688455,科捷智能
300868,杰美特
688382,益方生物-U
300518,新迅达
300082,奥克股份
300584,海辰药业
300683,海特生物
688197,首药控股-U
688195,腾景科技
688759,必贝特-U
300057,万顺新材
000822,山东海化
600470,六国化工
002068,黑猫股份
600227,赤天化
603399,永杉锂业
688799,华纳药厂
002176,江特电机
600748,上实发展
600110,诺德股份
000890,法尔胜
001313,粤海饲料
002310,东方新能
600769,祥龙电业
603585,苏利股份
600982,宁波能源
002272,川润股份
603076,乐惠国际
002265,建设工业
000553,安道麦A
603978,深圳新星
600513,联环药业
002294,信立泰
600338,西藏珠峰
603618,杭电股份
603324,盛剑科技
603115,海星股份
600727,鲁北化工
000695,滨海能源
000155,川能动力
002082,万邦德
603272,联翔股份
002755,奥赛康
600310,广西能源
002428,云南锗业
603090,宏盛股份
603026,石大胜华
002432,九安医疗
002460,赣锋锂业
600955,维远股份
002192,融捷股份
002995,天地在线
002240,盛新锂能
603248,锡华科技
603387,基蛋生物
002756,永兴材料
002328,新朋股份
002361,神剑股份
603002,宏昌电子
603738,泰晶科技
605299,舒华体育
002263,大东南
603127,昭衍新药
002455,百川股份
600996,贵广网络
002842,翔鹭钨业
603538,美诺华
603132,金徽股份
002773,康弘药业
000546,金圆股份
002038,双鹭药业
600539,狮头股份
600268,国电南自
003042,中农联合
000720,新能泰山
605388,均瑶健康
001896,豫能控股
002470,金正大
600666,奥瑞德
002042,华孚时尚
000767,晋控电力
002386,天原股份
002526,山东矿机
600844,金煤科技
600488,津药药业
002445,中南文化
688485,九州一轨
688353,华盛锂电
920166,海圣医疗
300051,琏升科技
688605,先锋精科
300666,江丰电子
688520,神州细胞
603059,倍加洁
688205,德科立
688161,威高骨科
688202,美迪西
002422,科伦药业
688177,百奥泰
002969,嘉美包装
300620,光库科技
688141,杰华特
688192,迪哲医药-U
000893,亚钾国际
300813,泰林生物
301086,鸿富瀚
300561,*ST汇科
300723,一品红
301150,中一科技
600773,西藏城投
301626,苏州天脉
688266,泽璟制药-U
300267,尔康制药
300236,上海新阳
301285,鸿日达
300456,赛微电子
300016,北陆药业
600671,天目药业
300834,星辉环材
688503,聚和材料
300131,英唐智控
000688,国城矿业
688106,金宏气体
688235,百济神州-U
688136,科兴制药
002653,海思科
688019,安集科技
603288,海天味业
603507,振江股份
002549,凯美特气
002685,华东重机
688646,ST逸飞
603806,福斯特
688302,海创药业-U
688221,前沿生物-U
000989,九芝堂
603906,龙蟠科技
002972,科安达
301152,天力锂能
002209,达 意 隆
688530,欧莱新材
000792,盐湖股份
000762,西藏矿业
688222,成都先导
688513,苑东生物
688608,恒玄科技
002738,中矿资源
603551,奥普科技
002940,昂利康
688512,慧智微-U
300919,中伟新材
301662,宏工科技
002437,誉衡药业
688553,汇宇制药-W
002824,和胜股份
002466,天齐锂业
300730,科创信息
600791,京能置业
600276,恒瑞医药
301257,普蕊斯
688712,北芯生命-U
600988,赤峰黄金
000912,泸天化
000830,鲁西化工
605116,奥锐特
688350,富淼科技
002020,京新药业
002970,锐明技术
603027,千禾味业
002203,海亮股份
600078,澄星股份
688166,博瑞医药
688025,杰普特
300436,广生堂
301327,华宝新能
300651,金陵体育
002452,长高电新
300855,图南股份
300357,我武生物
688410,山外山
688062,迈威生物-U
600337,美克家居
002634,棒杰股份
605365,立达信
688677,海泰新光
002849,威星智能
600251,冠农股份
688091,上海谊众
000510,新金路
000973,佛塑科技
300149,睿智医药
600771,广誉远
300702,天宇股份
002378,章源钨业
605287,德才股份
300631,久吾高科
603213,镇洋发展
600249,两面针
688157,松井股份
000963,华东医药
688337,普源精电
600521,华海药业
301178,天亿马
000968,蓝焰控股
603520,司太立
600867,通化东宝
603124,江南新材
300111,向日葵
002585,双星新材
688629,华丰科技
605028,世茂能源
002149,西部材料
688805,健信超导
000813,德展健康
688331,荣昌生物
600322,津投城开
600563,法拉电子
600698,湖南天雁
603703,盛洋科技
001331,胜通能源
688577,浙海德曼
688176,亚虹医药-U
301392,汇成真空
002638,勤上股份
300440,运达科技
920252,天宏锂电
300715,凯伦股份
000045,深纺织Ａ
688578,艾力斯
301486,致尚科技
603271,永杰新材
301056,森赫股份
300084,海默科技
300558,贝达药业
300685,艾德生物
688768,容知日新
688028,沃尔德
301230,泓博医药
605058,澳弘电子
600535,天士力
300487,蓝晓科技
300004,南风股份
002548,金新农
002930,宏川智慧
688502,茂莱光学
920522,纳科诺尔
688368,晶丰明源
002317,众生药业
600262,北方股份
300505,川金诺
688356,键凯科技
688163,赛伦生物
300199,翰宇药业
002582,好想你
603087,甘李药业
605305,中际联合
002583,海能达
301629,矽电股份
300920,润阳科技
301323,新莱福
601678,滨化股份
300347,泰格医药
002024,ST易购
000576,甘化科工
688018,乐鑫科技
300757,罗博特科
000975,山金国际
688196,卓越新能
300791,仙乐健康
688517,金冠电气
600784,鲁银投资
300485,赛升药业
688505,复旦张江
605055,迎丰股份
688386,泛亚微透
000488,ST晨鸣
300480,光力科技
300769,德方纳米
688117,圣诺生物
301062,上海艾录
002652,扬子新材
920367,新赣江
002903,宇环数控
300029,*ST天龙
600613,神奇制药
001203,大中矿业
603429,*ST集友
600319,亚星化学
000036,华联控股
301301,川宁生物
300731,科创新源
300636,同和药业
000615,*ST美谷
601969,海南矿业
600599,*ST熊猫
301246,宏源药业
300854,中兰环保
301153,中科江南
300255,常山药业
002569,*ST步森
002122,ST汇洲
000908,ST景峰
688621,阳光诺和
688622,禾信仪器
603456,九洲药业
002497,雅化集团
002731,ST萃华
002556,辉隆股份
605081,*ST太和
002370,亚太药业
688488,艾迪药业
688607,康众医疗
301518,长华化学
688215,瑞晟智能
000638,*ST万方
002199,*ST东晶
920009,丹娜生物
002620,ST瑞和
301275,汉朔科技
603590,康辰药业
002730,电光科技
001369,双欣材料
300725,药石科技
603867,新化股份
688189,南新制药
600838,上海九百
003010,若羽臣
002683,广东宏大
300083,创世纪
688137,近岸蛋白
600478,科力远
301580,爱迪特
002305,*ST南置
000903,ST云动
688319,欧林生物
000545,金浦钛业
688395,正弦电气
000637,茂化实华
300352,北信源
603367,辰欣药业
301089,拓新药业
300151,昌红科技
688073,毕得医药
688661,和林微纳
300009,安科生物
688613,奥精医疗
002365,永安药业
300238,冠昊生物
688603,天承科技
002550,千红制药
600259,中稀有色
300796,贝斯美
300642,透景生命
600301,华锡有色
002675,东诚药业
301130,西点药业
688418,震有科技
300363,博腾股份
301356,天振股份
600868,梅雁吉祥
002019,亿帆医药
688037,芯源微
688268,华特气体
603819,神力股份
603739,蔚蓝生物
603335,迪生力
002793,罗欣药业
603960,克来机电
000788,北大医药
688321,微芯生物
300382,斯莱克
002836,新宏泽
301205,联特科技
300381,溢多利
300911,亿田智能
688148,芳源股份
688229,博睿数据
600845,宝信软件
300434,金石亚药
301373,凌玮科技
300329,海伦钢琴
000960,锡业股份
603668,天马科技
002538,司尔特
301507,民生健康
600354,敦煌种业
600149,廊坊发展
301509,金凯生科
002808,*ST恒久
600810,神马股份
002942,新农股份
301080,百普赛斯
688373,盟科药业-U
688602,康鹏科技
920792,东和新材
688179,阿拉丁
600063,皖维高新
001367,海森药业
301357,北方长龙
603168,莎普爱思
300531,优博讯
000790,华神科技
002648,卫星化学
688601,力芯微
002713,*ST东易
300801,泰和科技
002029,七 匹 狼
002907,华森制药
301238,瑞泰新材
688178,万德斯
301295,美硕科技
000635,英 力 特
300489,光智科技
601089,福元医药
300841,康华生物
688146,中船特气
002826,易明医药
300191,潜能恒信
300641,正丹股份
301550,斯菱智驱
002873,新天药业
002721,金一文化
300268,*ST佳沃
688252,天德钰
688223,晶科能源
301607,富特科技
688105,诺唯赞
300224,正海磁材
002524,光正眼科
002402,和而泰
002577,雷柏科技
688496,清越科技
600328,中盐化工
300158,振东制药
300404,博济医药
301172,君逸数码
300706,阿石创
002805,丰元股份
000566,海南海药
688428,诺诚健华
000062,深圳华强
600409,三友化工
301263,泰恩康
002629,仁智股份
002312,川发龙蟒
002843,泰嘉股份
920179,凯德石英
603778,国晟科技
000831,中国稀土
002645,华宏科技
300721,怡达股份
300960,通业科技
002900,哈三联
603318,水发燃气
300930,屹通新材
688032,禾迈股份
300093,*ST金刚
002326,永太科技
688696,极米科技
002172,澳洋健康
301489,思泉新材
688120,华海清科
600594,益佰制药
000593,德龙汇能
000931,中 关 村
688185,康希诺
688372,伟测科技
300469,信息发展
688443,智翔金泰-U
688687,凯因科技
688247,宣泰医药
300745,欣锐科技
600233,圆通速递
001207,联科科技
603063,禾望电气
301317,鑫磊股份
301234,五洲医疗
002132,恒星科技
600206,有研新材
688056,莱伯泰科
002519,银河电子
600255,鑫科材料
300929,华骐环保
600691,潞化科技
300181,佐力药业
301081,严牌股份
600499,科达制造
603077,和邦生物
000612,焦作万方
688020,方邦股份
002083,孚日股份
688098,申联生物
301362,民爆光电
301191,菲菱科思
603588,高能环境
300587,天铁科技
002155,湖南黄金
688351,微电生理
000597,东北制药
600746,江苏索普
300405,科隆股份
003020,立方制药
002235,安妮股份
301211,亨迪药业
600330,天通股份
002274,华昌化工
600222,太龙药业
000933,神火股份
002430,杭氧股份
000988,华工科技
002107,沃华医药
301528,多浦乐
603669,灵康药业
300030,阳普医疗
688314,康拓医疗
000617,中油资本
300639,凯普生物
003030,祖名股份
600358,ST联合
600576,祥源文旅
000990,诚志股份
300261,雅本化学
300289,利德曼
920159,农大科技
000756,新华制药
300006,莱美药业
688765,禾元生物-U
000952,广济药业
688393,安必平
301498,乖宝宠物
002349,精华制药
603439,三力制药
000633,合金投资
600080,金花股份
920207,众诚科技
688348,昱能科技
688251,井松智能
301035,润丰股份
002136,安 纳 达
688499,利元亨
002897,意华股份
001215,千味央厨
002237,恒邦股份
300890,翔丰华
688388,嘉元科技
688180,君实生物-U
000656,*ST金科
300194,福安药业
603010,万盛股份
600872,中炬高新
600961,株冶集团
002989,中天精装
301219,腾远钴业
688230,芯导科技
603320,迪贝电气
300305,裕兴股份
300142,沃森生物
001366,播恩集团
688293,奥浦迈
603032,德新科技
002891,中宠股份
601020,华钰矿业
688573,信宇人
688429,时创能源
000833,粤桂股份
300035,中科电气
300211,*ST亿通
688586,江航装备
002102,能特科技
000697,ST炼石
300121,阳谷华泰
000505,京粮控股
600267,海正药业
300125,*ST聆达
301060,兰卫医学
600714,金瑞矿业
002566,益盛药业
603977,国泰集团
002250,联化科技
002125,湘潭电化
000153,丰原药业
600490,鹏欣资源
300212,易华录
300779,惠城环保
688172,燕东微
300957,贝泰妮
300206,理邦仪器
300055,万邦达
688046,药康生物
688067,爱威科技
688013,天臣医疗
688548,广钢气体
301258,富士莱
300119,瑞普生物
301500,飞南资源
688238,和元生物
688005,容百科技
002177,御银股份
300468,四方精创
002438,江苏神通
002391,长青股份
002368,太极股份
002709,天赐材料
688409,富创精密
300003,乐普医疗
300110,华仁药业
603020,爱普股份
301256,华融化学
600963,岳阳林纸
688291,金橙子
000078,海王生物
688332,中科蓝讯
300883,龙利得
688069,德林海
300519,新光药业
600281,华阳新材
603976,正川股份
600645,中源协和
601606,长城军工
688591,泰凌微
301111,粤万年青
300174,元力股份
600525,ST长园
002425,凯撒文化
603898,好莱客
600869,远东股份
000159,国际实业
600370,三房巷
603718,海利生物
301090,华润材料
688709,成都华微
688099,晶晨股份
000710,贝瑞基因
600230,沧州大化
600610,中毅达
002855,捷荣技术
603639,海利尔
300635,中达安
002706,良信股份
603948,建业股份
000810,创维数字
002728,特一药业
002227,奥 特 迅
600250,南京商旅
300205,*ST天喻
002390,信邦制药
300497,富祥药业
688095,福昕软件
603303,得邦照明
688203,海正生材
002828,贝肯能源
603345,安井食品
002537,海联金汇
300583,赛托生物
603166,福达股份
688559,海目星
688265,南模生物
300601,康泰生物
002412,汉森制药
002999,天禾股份
000702,正虹科技
300774,倍杰特
002333,罗普斯金
688670,金迪克
688625,呈和科技
300617,安靠智电
000565,渝三峡Ａ
002840,华统股份
000408,藏格矿业
300908,仲景食品
002099,海翔药业
300955,嘉亨家化
600136,ST明诚
300086,康芝药业
300139,晓程科技
300477,ST合纵
300534,陇神戎发
688193,仁度生物
688662,富信科技
300014,亿纬锂能
000037,深南电A
300304,云意电气
300005,探路者
300879,大叶股份
600831,广电网络
300665,飞鹿股份
688029,南微医学
002535,林州重机
002637,赞宇科技
000543,皖能电力
300736,百邦科技
301333,诺思格
688720,艾森股份
300750,宁德时代
688329,艾隆科技
002895,川恒股份
688468,科美诊断
600543,莫高股份
603065,宿迁联盛
300708,聚灿光电
688617,惠泰医疗
688357,建龙微纳
601121,宝地矿业
603829,洛凯股份
301118,恒光股份
301520,万邦医药
002501,利源股份
000953,河化股份
301188,力诺药包
603527,众源新材
300969,恒帅股份
002589,瑞康医药
300619,金银河
688653,康希通信
603488,展鹏科技
603676,卫信康
688486,龙迅股份
600763,通策医疗
002955,鸿合科技
300716,ST泉为
301033,迈普医学
002603,以岭药业
600196,复星医药
002491,通鼎互联
600216,浙江医药
600141,兴发集团
000859,国风新材
300872,天阳科技
920017,星昊医药
688793,倍轻松
600459,贵研铂业
603336,宏辉果蔬
002485,ST雪发
000422,湖北宜化
688565,力源科技
002753,永东股份
688236,春立医疗
300759,康龙化成
920429,康比特
002169,智光电气
600094,大名城
688758,赛分科技
688317,之江生物
301163,宏德股份
301092,争光股份
300452,山河药辅
301047,义翘神州
002748,世龙实业
688065,凯赛生物
688058,宝兰德
300026,红日药业
001332,锡装股份
000729,燕京啤酒
300705,九典制药
300871,回盛生物
300358,楚天科技
603681,永冠新材
600577,精达股份
300760,迈瑞医疗
600097,开创国际
600500,中化国际
003022,联泓新科
300371,汇中股份
688658,悦康药业
688315,诺禾致源
605199,ST葫芦娃
300171,东富龙
600629,华建集团
603095,越剑智能
600137,浪莎股份
301331,恩威医药
002261,拓维信息
688050,爱博医疗
000657,中钨高新
002416,爱施德
688392,骄成超声
002219,新里程
002821,凯莱英
300429,强力新材
300406,九强生物
000516,国际医学
603086,先达股份
600962,国投中鲁
002745,木林森
603188,亚邦股份
605003,众望布艺
301259,艾布鲁
301126,达嘉维康
601777,千里科技
300575,中旗股份
600774,汉商集团
301212,联盛化学
300795,米奥会展
002737,葵花药业
002004,华邦健康
002189,中光学
301360,荣旗科技
688300,联瑞新材
002025,航天电器
300092,科新机电
688593,新相微
600929,雪天盐业
002644,佛慈制药
301093,华兰股份
002286,保龄宝
300318,博晖创新
688450,光格科技
300453,三鑫医疗
688656,浩欧博
688077,大地熊
300043,星辉娱乐
001317,三羊马
688085,三友医疗
600624,ST复华
603358,华达科技
300239,东宝生物
600380,健康元
300618,寒锐钴业
603185,弘元绿能
300340,科恒股份
300169,天晟新材
920005,鼎佳精密
688349,三一重能
600573,惠泉啤酒
688566,吉贝尔
300530,领湃科技
688030,山石网科
002407,多氟多
301065,本立科技
688090,瑞松科技
300243,瑞丰高材
601958,金钼股份
600711,盛屯矿业
002131,利欧股份
002299,圣农发展
002513,蓝丰生化
002399,海普瑞
301355,南王科技
600966,博汇纸业
688702,盛科通信-U
300373,扬杰科技
301314,科瑞思
603967,中创物流
688200,华峰测控
002803,吉宏股份
300573,兴齐眼药
300018,中元股份
600423,柳化股份
002287,奇正藏药
688113,联测科技
688788,科思科技
600724,宁波富达
603700,宁水集团
600351,亚宝药业
688087,英科再生
002758,浙农股份
002626,金达威
300265,通光线缆
000752,ST西发
002141,贤丰控股
300894,火星人
000059,华锦股份
600397,江钨装备
002584,西陇科学
300611,美力科技
002622,皓宸医疗
300829,金丹科技
605318,法狮龙
300450,先导智能
600232,金鹰股份
300585,奥联电子
300314,戴维医疗
603966,法兰泰克
002022,科华生物
002215,诺 普 信
002580,圣阳股份
688387,信科移动-U
300439,美康生物
603799,华友钴业
300540,蜀道装备
300219,鸿利智汇
301203,国泰环保
001211,双枪科技
688150,莱特光电
000626,远大控股
300269,联建光电
920344,三元基因
688652,京仪装备
301207,华兰疫苗
605100,华丰股份
002817,黄山胶囊
688167,炬光科技
600973,宝胜股份
300412,迦南科技
002030,达安基因
000812,陕西金叶
603730,岱美股份
603567,珍宝岛
603182,嘉华股份
603810,丰山集团
000573,粤宏远Ａ
603012,创力集团
000766,通化金马
603102,百合股份
301448,开创电气
600768,宁波富邦
300610,晨化股份
300970,华绿生物
688333,铂力特
688108,赛诺医疗
000736,*ST中地
000639,西王食品
002167,东方锆业
002221,东华能源
688545,兴福电子
600446,金证股份
002213,大为股份
300478,杭州高新
000739,普洛药业
001217,华尔泰
603155,新亚强
301421,波长光电
300348,长亮科技
601388,怡球资源
603048,浙江黎明
301622,英思特
600211,西藏药业
605499,东鹏饮料
601865,福莱特
600426,华鲁恒升
000985,大庆华科
300071,福石控股
002568,百润股份
301116,益客食品
920735,德源药业
300741,华宝股份
300773,拉卡拉
920304,迪尔化工
002606,大连电瓷
688727,恒坤新材
600298,安琪酵母
002454,松芝股份
003002,壶化股份
002409,雅克科技
301393,昊帆生物
688107,安路科技
688698,伟创电气
300626,华瑞股份
002812,恩捷股份
002054,德美化工
002100,天康生物
301429,森泰股份
603260,合盛硅业
600299,安迪苏
002890,弘宇股份
688630,芯碁微装
300272,开能健康
301067,显盈科技
603286,日盈电子
688330,宏力达
002741,光华科技
002919,名臣健康
605369,拱东医疗
300242,佳云科技
002322,理工能科
603004,鼎龙科技
300823,建科智能
300244,迪安诊断
002340,格林美
920627,力王股份
301272,英华特
002971,和远气体
300966,共同药业
301200,大族数控
001202,炬申股份
301051,信濠光电
000420,吉林化纤
600702,舍得酒业
600829,人民同泰
600371,万向德农
688049,炬芯科技
300740,水羊股份
300490,华自科技
300387,富邦科技
300637,扬帆新材
603707,健友股份
688363,华熙生物
600067,冠城新材
605588,冠石科技
000719,中原传媒
600037,歌华有线
000679,大连友谊
688767,博拓生物
920523,德瑞锂电
000048,京基智农
002442,龙星科技
002262,恩华药业
688426,康为世纪
600850,电科数字
300835,龙磁科技
600207,安彩高科
603110,东方材料
688772,珠海冠宇
600392,盛和资源
300560,中富通
688277,天智航-U
002145,钛能化学
603970,中农立华
000590,古汉医药
300157,新锦动力
002714,牧原股份
300334,津膜科技
603733,仙鹤股份
000919,金陵药业
002952,亚世光电
603858,步长制药
300937,药易购
002809,红墙股份
603070,万控智造
600884,杉杉股份
688051,佳华科技
603909,建发合诚
600581,八一钢铁
000705,浙江震元
688276,百克生物
000629,钒钛股份
300608,思特奇
603879,永悦科技
002694,顾地科技
002539,云图控股
000665,湖北广电
600114,东睦股份
605122,四方新材
300523,辰安科技
301665,泰禾股份
300605,恒锋信息
000707,双环科技
600721,百花医药
688076,ST诺泰
603207,小方制药
000027,深圳能源
002379,宏桥控股
002696,百洋股份
603599,广信股份
002496,*ST辉丰
300270,中威电子
002170,芭田股份
301007,德迈仕
603518,锦泓集团
300460,ST惠伦
000868,安凯客车
002715,登云股份
301502,华阳智能
000504,*ST生物
600367,红星发展
300175,ST朗源
300672,国科微
300398,飞凯材料
688305,科德数控
605399,晨光新材
300942,易瑞生物
300549,优德精密
003017,大洋生物
301103,何氏眼科
002453,华软科技
300996,普联软件
300838,浙江力诺
301021,英诺激光
300346,南大光电
301613,新铝时代
301499,维科精密
300758,七彩化学
000034,神州数码
002846,英联股份
300196,长海股份
300578,会畅科技
300766,每日互动
603665,康隆达
300019,硅宝科技
600643,爱建集团
688556,高测股份
300931,通用电梯
603041,美思德
600617,国新能源
688072,拓荆科技
600789,鲁抗医药
002084,海鸥住工
603998,方盛制药
002581,ST未名
600807,济高发展
603190,亚通精工
603200,上海洗霸
000009,中国宝安
300676,华大基因
300633,开立医疗
600184,光电股份
601069,西部黄金
920547,无锡晶海
688583,思看科技
301006,迈拓股份
605177,东亚药业
603650,彤程新材
002601,龙佰集团
603811,诚意药业
300396,迪瑞医疗
603949,雪龙集团
300341,麦克奥迪
000513,丽珠集团
300682,朗新科技
000411,英特集团
605198,安德利
301228,实朴检测
920809,安达科技
688778,厦钨新能
301419,阿莱德
603489,八方股份
688198,佰仁医疗
605099,共创草坪
300849,锦盛新材
600273,嘉化能源
600980,北矿科技
688719,爱科赛博
300049,福瑞医科
301015,百洋医药
000525,红太阳
603800,洪田股份
600984,建设机械
002587,奥拓电子
688206,概伦电子
002923,润都股份
600540,新赛股份
600731,湖南海利
002998,优彩资源
300233,金城医药
688639,华恒生物
688366,昊海生科
002055,ST得润
301535,浙江华远
300293,蓝英装备
688359,三孚新科
002332,仙琚制药
688121,卓然股份
600359,新农开发
688219,会通股份
301335,天元宠物
603987,康德莱
688292,浩瀚深度
000426,兴业银锡
688627,精智达
688286,敏芯股份
688475,萤石网络
600076,康欣新材
688026,洁特生物
603698,航天工程
688558,国盛智科
002901,大博医疗
002545,东方铁塔
301190,善水科技
002708,光洋股份
002348,高乐股份
688580,伟思医疗
002246,北化股份
600846,同济科技
002734,利民股份
603123,翠微股份
688310,迈得医疗
688552,航天南湖
605319,无锡振华
600129,太极集团
600833,第一医药
603276,恒兴新材
600530,交大昂立
603023,威帝股份
688528,秦川物联
688036,传音控股
603217,元利科技
002788,鹭燕医药
688003,天准科技
002909,集泰股份
600467,好当家
600808,马钢股份
600055,万东医疗
601872,招商轮船
000701,厦门信达
300073,当升科技
603179,新泉股份
600152,维科技术
603229,奥翔药业
600252,中恒集团
002591,恒大高新
600463,空港股份
002927,泰永长征
001231,农心科技
603630,拉芳家化
002095,生 意 宝
001260,坤泰股份
688500,慧辰股份
300973,立高食品
600595,中孚实业
603078,江化微
605303,园林股份
301277,新天地
301217,铜冠铜箔
605337,李子园
688278,特宝生物
301290,东星医疗
688313,仕佳光子
300283,温州宏丰
300189,神农种业
600822,上海物贸
688071,华依科技
300343,ST联创
300039,上海凯宝
600531,豫光金铅
603309,维力医疗
300821,东岳硅材
002388,新亚制程
600830,香溢融通
000042,中洲控股
300674,宇信科技
002057,中钢天源
920914,远航精密
301059,金三江
603381,永臻股份
300655,晶瑞电材
600127,金健米业
600664,哈药股份
600936,北投科技
603259,药明康德
002592,ST八菱
002932,明德生物
300512,中亚股份
603389,*ST亚振
688182,灿勤科技
300467,迅游科技
002330,得利斯
605218,伟时电子
002232,启明信息
301052,果麦文化
605001,威奥股份
603968,醋化股份
002833,弘亚数控
600618,氯碱化工
600096,云天化
920395,朗鸿科技
002847,盐津铺子
000655,金岭矿业
002700,万憬能源
300331,苏大维格
600420,国药现代
600318,新力金融
300945,曼卡龙
603517,ST绝味
301587,中瑞股份
600272,开开实业
001301,尚太科技
301105,鸿铭股份
605189,富春染织
605077,华康股份
601881,中国银河
300528,幸福蓝海
002468,申通快递
600178,东安动力
002762,*ST金比
600165,ST宁科
688419,耐科装备
301567,贝隆精密
002253,*ST智胜
688318,财富趋势
603363,傲农生物
688707,振华新材
688816,易思维
002291,遥望科技
301288,*ST清研
600783,鲁信创投
002234,民和股份
601718,际华集团
688216,气派科技
300670,大烨智能
000650,仁和药业
600062,华润双鹤
002977,天箭科技
301158,德石股份
002982,湘佳股份
688210,统联精密
300226,上海钢联
688355,明志科技
300837,浙矿股份
002687,乔治白
301616,浙江华业
688536,思瑞浦
601519,大智慧
002295,精艺股份
002495,佳隆股份
688151,华强科技
000838,财信发展
002917,金奥博
688199,久日新材
300426,华智数媒
300971,博亚精工
600579,中化装备
002732,燕塘乳业
001236,弘业期货
000935,四川双马
000751,锌业股份
300122,智飞生物
603221,爱丽家居
301100,风光股份
300241,瑞丰光电
688289,圣湘生物
600111,北方稀土
000796,凯撒旅业
002996,顺博合金
600626,申达股份
002458,益生股份
002551,尚荣医疗
300869,康泰医学
002476,宝莫股份
603566,普莱柯
600557,康缘药业
600689,上海三毛
603073,彩蝶实业
920050,爱舍伦
603900,莱绅通灵
688638,誉辰智能
300546,雄帝科技
603931,格林达
603878,武进不锈
600223,福瑞达
300861,美畅股份
301037,保立佳
603716,塞力医疗
688004,博汇科技
600730,中国高科
603709,中源家居
688273,麦澜德
688053,ST思科瑞
600333,长春燃气
300179,四方达
301565,中仑新材
002012,凯恩股份
688659,元琛科技
920819,颖泰生物
002255,海陆重工
300963,中洲特材
688171,纬德信息
002404,嘉欣丝绸
688100,威胜信息
920242,建邦科技
300866,安克创新
300562,乐心医疗
301131,聚赛龙
603938,三孚股份
600228,*ST返利
300839,博汇股份
600082,海泰发展
002688,金河生物
301055,张小泉
300422,博世科
301388,欣灵电气
000506,招金黄金
920946,森萱医药
000711,ST京蓝
002602,世纪华通
002245,蔚蓝锂芯
000017,深中华A
300748,金力永磁
301018,申菱环境
605136,丽人丽妆
600487,亨通光电
601579,会稽山
605050,福然德
300865,大宏立
300106,西部牧业
300559,佳发教育
688420,美腾科技
600486,扬农化工
600515,海南机场
603519,立霸股份
601965,中国汽研
002166,莱茵生物
000016,深康佳Ａ
688383,新益昌
300510,金冠股份
688390,固德威
688628,优利德
688267,中触媒
301367,瑞迈特
301512,智信精密
603690,至纯科技
605158,华达新材
688690,纳微科技
002868,*ST绿康
600326,西藏天路
002493,荣盛石化
688377,迪威尔
600201,生物股份
688786,悦安新材
000950,重药控股
300163,先锋新材
300953,震裕科技
603377,ST东时
000799,酒鬼酒
688246,嘉和美康
301469,恒达新材
300451,创业慧康
300094,国联水产
688598,金博股份
688170,德龙激光
301166,优宁维
002746,仙坛股份
688600,皖仪科技
301066,万事利
920101,志高机械
603727,博迈科
002554,惠博普
603983,丸美生物
000758,中色股份
000970,中科三环
301009,可靠股份
301267,华厦眼科
603392,万泰生物
000713,国投丰乐
600256,广汇能源
300322,硕贝德
600965,福成股份
688181,八亿时空
605566,福莱蒽特
300463,迈克生物
002094,青岛金王
600479,千金药业
002816,*ST和科
301077,星华新材
002514,宝馨科技
688217,睿昂基因
688038,中科通达
603995,甬金股份
600237,铜峰电子
301358,湖南裕能
300898,熊猫乳品
603098,森特股份
002921,联诚精密
600561,江西长运
001336,楚环科技
300647,超频三
300074,华平股份
300951,博硕科技
600801,华新建材
688775,影石创新
301300,远翔新材
688031,星环科技-U
000661,长春高新
600549,厦门钨业
300910,瑞丰新材
688220,翱捷科技-U
002401,中远海科
600308,华泰股份
301206,三元生物
300786,国林科技
002114,罗平锌电
600847,万里股份
301369,联动科技
002820,桂发祥
300946,恒而达
000807,云铝股份
002802,洪汇新材
920190,雷神科技
300011,鼎汉技术
002517,恺英网络
000757,浩物股份
003038,鑫铂股份
605033,美邦股份
688132,邦彦技术
688155,先惠技术
300673,佩蒂股份
000782,恒申新材
002674,兴业科技
301321,翰博高新
002078,太阳纸业
600198,大唐电信
688620,安凯微
002669,康达新材
002978,安宁股份
600552,凯盛科技
920570,坤博精工
002424,ST百灵
300148,天舟文化
301024,霍普股份
688083,中望软件
300640,德艺文创
600665,天地源
300483,首华燃气
300127,银河磁体
603186,华正新材
688109,品茗科技
601126,四方股份
002852,道道全
603088,宁波精达
002725,跃岭股份
300653,正海生物
000735,罗 牛 山
300315,掌趣科技
600215,派斯林
300067,安诺其
688007,光峰科技
002594,比亚迪
605268,王力安防
600976,健民集团
300616,尚品宅配
003000,劲仔食品
603398,*ST沐邦
603897,长城科技
300401,花园生物
920971,天马新材
600378,昊华科技
600749,西藏旅游
000631,顺发恒能
605180,华生科技
688285,高铁电气
002861,瀛通通讯
603092,德力佳
300112,万讯自控
600382,广东明珠
002856,美芝股份
603313,梦百合
002319,乐通股份
002129,TCL中环
300891,惠云钛业
603626,科森科技
002462,嘉事堂
601996,丰林集团
688084,晶品特装
001206,依依股份
000407,胜利股份
002540,亚太科技
603903,中持股份
600095,湘财股份
600327,大东方
000663,永安林业
688535,华海诚科
600185,珠免集团
688567,孚能科技
603351,威尔药业
002463,沪电股份
300063,天龙集团
301016,雷尔伟
603117,万林物流
605567,春雪食品
605183,确成股份
300313,*ST天山
600300,维维股份
688131,皓元医药
601991,大唐发电
002559,亚威股份
600428,中远海特
600202,哈空调
688518,联赢激光
600688,上海石化
002743,富煌钢构
002160,常铝股份
300227,光韵达
301069,凯盛新材
300078,思创智联
601677,明泰铝业
002223,鱼跃医疗
300550,和仁科技
920047,诺思兰德
002951,金时科技
300755,华致酒行
300428,立中集团
603176,汇通集团
000523,红棉股份
002532,天山铝业
301386,未来电器
601929,吉视传媒
300947,德必集团
002369,卓翼科技
600533,栖霞建设
002829,星网宇达
300008,天海防务
603097,江苏华辰
603508,思维列控
300597,吉大通信
300159,*ST新研
300333,兆日科技
301383,天键股份
688323,瑞华泰
301519,舜禹股份
688303,大全能源
300107,建新股份
600235,民丰特纸
001219,青岛食品
688597,煜邦电力
300932,三友联众
603360,百傲化学
300200,高盟新材
600010,包钢股份
600489,中金黄金
600419,天润乳业
688088,虹软科技
920478,峆一药业
603183,建研院
601869,长飞光纤
600176,中国巨石
605162,新中港
603880,南卫股份
300703,创源股份
300484,蓝海华腾
688708,佳驰科技
603579,荣泰健康
605580,恒盛能源
301515,港通医疗
001209,洪兴股份
600234,科新发展
002021,中捷资源
688626,翔宇医疗
603818,曲美家居
600960,渤海汽车
600888,新疆众和
603014,威高血净
000795,英洛华
002389,航天彩虹
301036,双乐股份
603299,苏盐井神
920526,凯华材料
603079,圣达生物
600128,苏豪弘业
002615,哈尔斯
688458,美芯晟
002991,甘源食品
002182,宝武镁业
001210,金房能源
688592,司南导航
002642,荣联科技
603177,德创环保
300278,华昌达
300056,中创环保
002864,盘龙药业
300271,华宇软件
002329,皇氏集团
688133,泰坦科技
300126,锐奇股份
300182,捷成股份
688378,奥来德
300965,恒宇信通
002091,江苏国泰
688152,麒麟信安
300506,ST名家汇
688779,五矿新能
301223,中荣股份
300129,泰胜风能
600598,北大荒
688272,富吉瑞
603321,梅轮电梯
688370,丛麟科技
300983,尤安设计
688207,格灵深瞳
688543,国科军工
002799,环球印务
300098,高新兴
600133,东湖高新
002574,明牌珠宝
301002,崧盛股份
301013,利和兴
003043,华亚智能
600740,山西焦化
001299,美能能源
002693,*ST双成
002643,万润股份
601118,海南橡胶
603378,亚士创能
002441,众业达
603916,苏博特
000681,视觉中国
301283,聚胶股份
603637,镇海股份
300473,德尔股份
688699,明微电子
301353,普莱得
600208,衢州发展
301098,金埔园林
603270,金帝股份
603230,内蒙新华
688260,昀冢科技
601886,江河集团
001280,中国铀业
002301,齐心集团
603536,惠发食品
600812,华北制药
300015,爱尔眼科
300539,横河精密
600307,酒钢宏兴
603301,振德医疗
301073,君亭酒店
603577,汇金通
300155,安居宝
601798,蓝科高新
300001,特锐德
600444,国机通用
002161,远 望 谷
001358,兴欣新材
688244,永信至诚
600369,西南证券
688362,甬矽电子
688023,安恒信息
603719,良品铺子
300899,*ST凯鑫
600019,宝钢股份
300556,丝路视觉
002175,东方智造
688571,杭华股份
300851,交大思诺
603339,四方科技
002069,獐子岛
688218,江苏北人
600282,南钢股份
688288,鸿泉技术
603839,安正时尚
002440,闰土股份
002446,盛路通信
688389,普门科技
300248,新开普
301298,东利机械
605258,协和电子
603836,海程邦达
603257,中国瑞林
002662,峰璟股份
003016,欣贺股份
300326,ST凯利
603258,电魂网络
300538,同益股份
301141,中科磁业
300753,爱朋医疗
000972,*ST中基
600732,爱旭股份
000619,海螺新材
002321,华英农业
000676,智度股份
002724,海洋王
301398,星源卓镁
000852,石化机械
600131,国网信通
600778,友好集团
688016,心脉医疗
920180,爱得科技
300717,华信新材
300240,飞力达
301408,华人健康
688309,恒誉环保
301026,浩通科技
002381,双箭股份
300859,西域旅游
301536,星宸科技
301345,涛涛车业
600505,西昌电力
300627,华测导航
002279,久其软件
002666,德联集团
300844,山水比德
600638,新黄浦
605008,长鸿高科
300410,正业科技
920505,九菱科技
300299,富春股份
000909,ST数源
300687,赛意信息
600293,三峡新材
300195,长荣股份
600587,新华医疗
002345,潮宏基
920271,邦德股份
301510,固高科技
301078,孩子王
300407,凯发电气
603777,来伊份
600660,福耀玻璃
300481,濮阳惠成
002074,国轩高科
002957,科瑞技术
300266,兴源环境
600537,亿晶光电
002304,洋河股份
300294,博雅生物
000568,泸州老窖
603279,景津装备
002210,飞马国际
301113,雅艺科技
300198,ST纳川
601061,中信金属
300377,赢时胜
600881,亚泰集团
603125,常青科技
300995,奇德新材
600550,保变电气
301192,泰祥股份
002174,游族网络
300941,创识科技
300935,盈建科
688549,中巨芯-U
002306,*ST云网
002575,群兴玩具
300654,世纪天鸿
002661,克明食品
603015,弘讯科技
003040,楚天龙
601616,广电电气
600708,光明地产
600706,曲江文旅
300604,长川科技
688560,明冠新材
603477,巨星农牧
002657,中科金财
600696,*ST岩石
301260,格力博
301459,丰茂股份
603282,亚光股份
300606,金太阳
301273,瑞晨环保
300298,三诺生物
603175,超颖电子
920634,新威凌
300784,利安科技
600619,海立股份
301389,隆扬电子
300482,万孚生物
688478,晶升股份
603116,红蜻蜓
688271,联影医疗
600493,凤竹纺织
002767,先锋电子
600570,恒生电子
000156,华数传媒
603106,恒银科技
688757,胜科纳米
603330,天洋新材
920719,宁新新材
002385,大北农
002609,捷顺科技
603658,安图生物
300915,海融科技
001337,四川黄金
688089,嘉必优
603297,永新光学
001277,速达股份
688002,睿创微纳
300491,通合科技
688711,宏微科技
301102,兆讯传媒
300203,聚光科技
002918,蒙娜丽莎
000768,中航西飞
603444,吉比特
000032,深桑达Ａ
603918,金桥信息
000068,华控赛格
300288,朗玛信息
688681,科汇股份
688633,星球石墨
600851,海欣股份
003003,天元股份
920768,拾比佰
001269,欧晶科技
002377,国创高新
300366,ST创意
301008,宏昌科技
300457,赢合科技
000802,北京文化
002037,保利联合
603129,春风动力
688381,帝奥微
002481,双塔食品
688269,凯立新材
603261,*ST立航
000529,广弘控股
600612,老凤祥
600199,金种子酒
300402,宝色股份
601339,百隆东方
688529,豪森智能
301121,紫建电子
600389,江山股份
301558,三态股份
300588,熙菱信息
603786,科博达
601019,山东出版
600386,北巴传媒
300554,三超新材
688168,安博通
002133,广宇集团
002530,金财互联
301031,中熔电气
002137,实益达
300580,贝斯特
300537,广信材料
688343,云天励飞-U
300732,设研院
920078,族兴新材
002786,银宝山新
003006,百亚股份
002225,濮耐股份
688259,创耀科技
002418,康盛股份
002104,恒宝股份
002678,珠江钢琴
300435,中泰股份
605151,西上海
600053,九鼎投资
600099,林海股份
002105,信隆健康
000716,黑芝麻
600360,*ST华微
002588,史丹利
600366,宁波韵升
603089,正裕工业
688308,欧科亿
688616,西力科技
688611,杭州柯林
601116,三江购物
300797,钢研纳克
300727,润禾材料
300081,恒信东方
300254,仟源医药
600180,瑞茂通
002778,中晟高科
600071,凤凰光学
301328,维峰电子
002760,凤形股份
688787,海天瑞声
301101,明月镜片
300994,久祺股份
002632,道明光学
601799,星宇股份
600658,电子城
300922,天秦装备
002510,天汽模
002494,华斯股份
301110,青木科技
920394,民士达
301380,挖金客
002296,辉煌科技
002324,普利特
301181,标榜股份
300564,筑博设计
301511,德福科技
002586,ST围海
002393,力生制药
301601,惠通科技
300905,宝丽迪
603135,中重科技
605333,沪光股份
301185,鸥玛软件
688718,唯赛勃
600975,新五丰
301210,金杨精密
300645,正元智慧
002888,惠威科技
603222,济民健康
301017,漱玉平民
300923,研奥股份
603882,金域医学
300649,杭州园林
688130,晶华微
688135,利扬芯片
603725,天安新材
300576,容大感光
301446,福事特
300675,建科院
920839,万通液压
000911,广农糖业
300776,帝尔激光
000993,闽东电力
920152,昆工科技
601890,亚星锚链
300896,爱美客
603069,海汽集团
002297,博云新材
603679,华体科技
002124,天邦食品
002775,文科股份
605398,新炬网络
600661,昂立教育
300697,电工合金
002346,柘中股份
002023,海特高新
300648,星云股份
002968,新大正
301551,无线传媒
002853,皮阿诺
600476,湘邮科技
300632,光莆股份
600986,浙文互联
002691,冀凯股份
301608,博实结
301138,华研精机
301213,观想科技
300508,维宏股份
300822,贝仕达克
603238,诺邦股份
605366,宏柏新材
300968,格林精密
001255,博菲电气
300892,品渥食品
688338,赛科希德
600456,宝钛股份
301370,国科恒泰
300667,必创科技
300663,科蓝软件
688739,成大生物
300375,鹏翎股份
605089,味知香
002178,延华智能
301231,荣信文化
301325,曼恩斯特
301315,威士顿
603768,常青股份
300075,数字政通
301602,超研股份
300306,远方信息
000980,众泰汽车
688369,致远互联
603080,新疆火炬
600793,宜宾纸业
601212,白银有色
002207,准油股份
603959,百利科技
603113,金能科技
603028,赛福天
603722,阿科力
600391,航发科技
300154,瑞凌股份
688750,金天钛业
002316,亚联发展
688489,三未信安
300542,新晨科技
002689,ST远智
002226,江南化工
002157,正邦科技
301320,豪江智能
000572,海马汽车
300359,全通教育
000158,常山北明
600770,综艺股份
300729,乐歌股份
002277,友阿股份
603809,豪能股份
603505,金石资源
600079,ST人福
300323,华灿光电
301239,普瑞眼科
002910,庄园牧场
300215,电科院
002779,中坚科技
688022,瀚川智能
002798,帝欧水华
603216,梦天家居
002651,利君股份
300138,晨光生物
600841,动力新科
605186,健麾信息
002163,海南发展
688399,硕世生物
300586,美联新材
300572,安车检测
600195,中牧股份
600313,农发种业
300251,光线传媒
603928,兴业股份
300421,力星股份
002254,泰和新材
301053,远信工业
301501,恒鑫生活
000623,吉林敖东
002866,传艺科技
920765,美之高
002727,一心堂
001338,永顺泰
001330,博纳影业
603006,联明股份
688657,浩辰软件
300568,星源材质
603686,福龙马
920982,锦波生物
301311,昆船智能
603356,华菱精工
300912,凯龙高科
301001,凯淳股份
600305,恒顺醋业
603375,盛景微
688255,凯尔达
002314,南山控股
600159,大龙地产
002343,慈文传媒
003032,*ST传智
300066,三川智慧
300625,三雄极光
002165,红 宝 丽
300777,中简科技
920087,秋乐种业
001222,源飞宠物
001225,和泰机电
600126,杭钢股份
300464,星徽股份
002119,康强电子
688358,祥生医疗
603869,ST智知
600056,中国医药
600495,晋西车轴
002471,中超控股
001360,南矿集团
688435,英方软件
603344,星德胜
000881,中广核技
003021,兆威机电
002066,瑞泰科技
301208,中亦科技
920925,锦好医疗
688589,力合微
688584,上海合晶
600992,贵绳股份
603755,日辰股份
300337,银邦股份
002398,垒知集团
002474,榕基软件
920957,汉维科技
002596,海南瑞泽
002258,利尔化学
300130,新国都
300707,威唐工业
300694,蠡湖股份
002811,郑中设计
002822,ST中装
300462,ST华铭
600287,苏豪时尚
603275,众辰科技
300253,卫宁健康
301287,康力源
600435,北方导航
001201,东瑞股份
000779,甘咨询
300397,天和防务
002813,路畅科技
300743,天地数码
300311,ST任子行
000555,神州信息
603896,寿仙谷
000691,*ST亚太
605020,永和股份
300263,隆华科技
000932,华菱钢铁
301182,凯旺科技
920169,七丰精工
002090,金智科技
301585,蓝宇股份
605179,一鸣食品
688439,振华风光
300022,吉峰科技
605378,野马电池
003023,彩虹集团
002686,亿利达
605266,健之佳
600186,莲花控股
600331,宏达股份
300622,博士眼镜
002397,梦洁股份
301337,亚华电子
603982,泉峰汽车
002196,方正电机
920879,基康技术
002785,万里石
600429,三元股份
300595,欧普康视
688682,霍莱沃
600527,江南高纤
300384,三联虹普
002712,思美传媒
603223,恒通股份
000922,佳电股份
300250,初灵信息
300295,三六五网
600716,凤凰股份
603333,尚纬股份
002072,凯瑞德
688188,柏楚电子
300150,世纪瑞尔
300432,富临精工
603193,润本股份
002937,兴瑞科技
603877,太平鸟
002371,北方华创
603616,韩建河山
603798,康普顿
301216,万凯新材
000519,中兵红箭
002008,大族激光
301197,工大科雅
920751,惠同新材
300046,台基股份
000936,华西股份
300321,同大股份
000737,北方铜业
300466,赛摩智能
300025,华星创业
000892,欢瑞世纪
300047,天源迪科
002363,隆基机械
000902,新洋丰
000589,贵州轮胎
301371,敷尔佳
600119,长江投资
002593,日上集团
600715,文投控股
601208,东材科技
688298,东方生物
688057,金达莱
000014,沙河股份
300220,金运激光
601607,上海医药
002800,天顺股份
301199,迈赫股份
300793,佳禾智能
300147,ST香雪
300327,中颖电子
002780,三夫户外
601595,上海电影
002490,山东墨龙
688160,步科股份
300124,汇川技术
300768,迪普科技
000820,*ST节能
001230,劲旅环境
002268,电科网安
600469,风神股份
600556,天下秀
603713,密尔克卫
600416,湘电股份
601127,赛力斯
301584,建发致新
300370,安控科技
002845,同兴达
002987,京北方
688576,西山科技
002567,唐人神
002523,天桥起重
300281,金明精机
301122,采纳股份
688663,新风光
605066,天正电气
002967,广电计量
002562,兄弟科技
600379,宝光股份
000586,汇源通信
300364,中文在线
300037,新宙邦
600692,亚通股份
300847,中船汉光
688581,安杰思
600203,福日电子
300535,达威股份
605166,聚合顺
301609,山大电力
300386,飞天诚信
000603,盛达资源
603036,如通股份
002106,莱宝高科
002671,龙泉股份
002347,泰尔股份
002171,楚江新材
300875,捷强装备
603926,铁流股份
300230,永利股份
301057,汇隆新材
600403,大有能源
002560,通达股份
600693,东百集团
600640,国脉文化
920779,武汉蓝电
688201,信安世纪
603348,文灿股份
002075,沙钢股份
920639,晨光电缆
600864,哈投股份
301372,科净源
920504,博迅生物
300350,华鹏飞
002480,新筑股份
002194,武汉凡谷
000969,安泰科技
603290,斯达半导
603096,新经典
002931,锋龙股份
300459,汤姆猫
002282,博深股份
002392,北京利尔
688283,坤恒顺维
300977,深圳瑞捷
300383,光环新网
002358,森源电气
300533,冰川网络
601995,中金公司
601216,君正集团
300061,旗天科技
688015,交控科技
002759,天际股份
300780,德恩精工
001216,华瓷股份
688006,杭可科技
603893,瑞芯微
301390,经纬股份
301083,百胜智能
002483,润邦股份
000570,苏常柴Ａ
603022,新通联
920489,佳先股份
300589,江龙船艇
002127,南极电商
002121,科陆电子
603218,日月股份
688173,希荻微
300688,创业黑马
002140,东华科技
000526,学大教育
600547,山东黄金
002292,奥飞娱乐
301279,金道科技
603068,博通集成
603885,吉祥航空
920834,三维装备
002635,安洁科技
688755,汉邦科技
300985,致远新能
002835,同为股份
300132,青松股份
600776,东方通信
000926,福星股份
301198,喜悦智行
300808,久量股份
601949,中国出版
920726,朱老六
603283,赛腾股份
603235,天新药业
000554,泰山石油
603255,鼎际得
000826,启迪环境
603888,新华网
002766,索菱股份
300423,昇辉科技
002097,山河智能
688209,英集芯
002354,天娱数科
300925,法本信息
603192,汇得科技
002640,跨境通
002633,申科股份
002838,道恩股份
301600,慧翰股份
603369,今世缘
300529,健帆生物
603712,七一二
000700,模塑科技
002275,桂林三金
600967,内蒙一机
300228,富瑞特装
920685,新芝生物
301169,零点有数
603895,天永智能
300058,蓝色光标
920019,铜冠矿建
000895,双汇发展
002702,海欣食品
000850,华茂股份
300848,美瑞新材
002086,东方海洋
002722,物产金轮
003029,吉大正元
300888,稳健医疗
688469,芯联集成-U
300887,谱尼测试
688729,屹唐股份
600422,昆药集团
605196,华通线缆
002247,聚力文化
002289,*ST宇顺
601113,华鼎股份
301348,蓝箭电子
603029,天鹅股份
603072,天和磁材
301177,迪阿股份
600058,五矿发展
600356,恒丰纸业
002001,新 和 成
000301,东方盛虹
000100,TCL科技
002356,赫美集团
601956,东贝集团
600172,黄河旋风
300831,派瑞股份
600400,红豆股份
300803,指南针
601568,北元集团
603598,引力传媒
600572,康恩贝
688258,卓易信息
920099,瑞华技术
603890,春秋电子
688561,奇安信-U
301082,久盛电气
605090,九丰能源
600843,上工申贝
000596,古井贡酒
301091,深城交
002486,嘉麟杰
600523,贵航股份
920786,骑士乳业
000410,沈阳机床
002007,华兰生物
002144,宏达高科
002146,荣盛发展
605006,山东玻纤
688139,海尔生物
001387,雪祺电气
001382,新亚电缆
603589,口子窖
002302,西部建设
300895,铜牛信息
300420,五洋自控
605298,必得科技
300378,鼎捷数智
603122,合富中国
603711,香飘飘
000055,方大集团
002017,东信和平
920425,乐创技术
301487,盟固利
600538,国发股份
600854,春兰股份
000630,铜陵有色
688511,*ST天微
600596,新安股份
603386,骏亚科技
300095,华伍股份
300417,南华仪器
001282,三联锻造
001296,长江材料
002062,宏润建设
300087,荃银高科
300962,中金辐照
600588,用友网络
300498,温氏股份
002238,天威视讯
600635,大众公用
600637,东方明珠
301167,建研设计
002467,二六三
000620,盈新发展
688509,正元地信
603402,陕西旅游
603385,惠达卫浴
600073,光明肉业
603848,好太太
300033,同花顺
688279,峰岹科技
002608,江苏国信
002459,晶澳科技
301262,海看股份
002555,三七互娱
600179,安通控股
600865,百大集团
002188,中天服务
688334,西高院
603171,税友股份
002659,凯文教育
601888,中国中免
603180,金牌家居
603156,养元饮品
603208,江山欧派
688619,罗普特
688575,亚辉龙
002883,中设股份
603657,春光科技
600278,东方创业
000672,上峰水泥
605016,百龙创园
301387,光大同创
300041,回天新材
000858,五 粮 液
688190,云路股份
002120,韵达股份
002682,龙洲股份
002135,东南网架
001390,古麒绒材
600877,电科芯片
300260,新莱应材
688697,纽威数控
301418,协昌科技
688114,华大智造
301209,联合化学
002949,华阳国际
301161,唯万密封
002742,*ST三圣
688112,鼎阳科技
920033,康普化学
688615,合合信息
002284,亚太股份
300662,科锐国际
603082,北自科技
605138,盛泰集团
920023,田野股份
600802,福建水泥
300927,江天化学
001379,腾达科技
300882,万胜智能
301019,宁波色母
002320,海峡股份
002906,华阳集团
002774,快意电梯
002408,齐翔腾达
603605,珀莱雅
603609,禾丰股份
603915,国茂股份
002205,国统股份
002103,广博股份
688211,中科微至
688376,美埃科技
300514,友讯达
603214,爱婴室
603383,顶点软件
002041,登海种业
601112,振石股份
002376,新北洋
002827,高争民爆
920239,长虹能源
600022,山东钢铁
000558,天府文旅
000060,中金岭南
688671,碧兴物联
920675,秉扬科技
600438,通威股份
605339,南侨食品
300103,达刚控股
603486,科沃斯
603466,风语筑
300210,森远股份
601921,浙版传媒
000750,国海证券
301630,同宇新材
688225,亚信安全
603011,合锻智能
688569,铁科轨道
002546,新联电子
603159,上海亚虹
301049,超越科技
300711,广哈通信
300737,科顺股份
603797,联泰环保
300548,长芯博创
603209,兴通股份
300399,天利科技
300360,炬华科技
301503,智迪科技
688138,清溢光电
002564,天沃科技
002975,博杰股份
600742,富维股份
300522,世名科技
300234,开尔新材
300634,彩讯股份
603365,水星家纺
300232,洲明科技
605336,帅丰电器
002400,省广集团
688588,凌志软件
300146,汤臣倍健
301226,祥明智能
300818,耐普矿机
600853,龙建股份
600981,苏豪汇鸿
300027,华谊兄弟
688336,三生国健
603779,威龙股份
601599,浙文影业
688590,新致软件
002599,盛通股份
920407,驰诚股份
002605,姚记科技
301220,亚香股份
603529,爱玛科技
300237,ST美晨
301071,力量钻石
600482,中国动力
002079,苏州固锝
600895,张江高科
002677,浙江美大
688301,奕瑞科技
603191,望变电气
688253,英诺特
600785,新华百货
605577,龙版传媒
300815,玉禾田
600630,龙头股份
600169,ST太重
688262,国芯科技
002383,合众思壮
603600,永艺股份
688595,芯海科技
300525,博思软件
600497,驰宏锌锗
000025,特  力Ａ
002092,中泰化学
688466,金科环境
600733,北汽蓝谷
300133,华策影视
002248,华东数控
300036,超图软件
300065,海兰信
600363,联创光电
002186,全 聚 德
688129,东来技术
600883,博闻科技
688533,上声电子
603121,华培动力
002850,科达利
600628,新世界
300493,润欣科技
000962,东方钽业
000761,本钢板材
002270,华明装备
002980,华盛昌
002988,豪美新材
600857,宁波中百
600880,博瑞传播
603595,ST东尼
300836,佰奥智能
002044,美年健康
300223,北京君正
300567,精测电子
300657,弘信电子
603660,苏州科达
002749,国光股份
002941,新疆交建
301289,国缆检测
301508,中机认检
600396,华电辽能
300161,华中数控
300507,苏奥传感
002403,爱仕达
603038,华立股份
300826,测绘股份
002841,视源股份
300692,中赋科技
300425,中建环能
001288,运机集团
300886,华业香料
600498,烽火通信
601233,桐昆股份
000955,欣龙控股
000876,新 希 望
600678,四川金顶
301363,美好医疗
600764,中国海防
002108,沧州明珠
601096,宏盛华源
300380,安硕信息
603656,泰禾智能
600029,南方航空
002195,岩山科技
300520,科大国创
600503,华丽家族
600977,中国电影
301522,上大股份
688522,纳睿雷达
688716,中研股份
002334,英威腾
300853,申昊科技
001233,海安集团
000785,居然智家
603278,大业股份
600516,方大炭素
300214,日科化学
601366,利群股份
600616,金枫酒业
300290,荣科科技
300709,精研科技
600654,中安科
000869,张  裕Ａ
301139,元道通信
002763,汇洁股份
300710,万隆光电
603158,腾龙股份
000816,智慧农业
688116,天奈科技
300400,劲拓股份
600101,明星电力
002269,美邦服饰
301159,三维天地
920970,大禹生物
920703,广厦环能
601279,英利汽车
300810,中科海讯
300902,国安达
300878,维康药业
301359,东南电子
688033,天宜新材
002598,山东章鼓
000610,西安旅游
920693,阿为特
920199,倍益康
002716,湖南白银
301010,晶雪节能
002862,实丰文化
600815,厦工股份
002565,顺灏股份
300193,佳士科技
600668,尖峰集团
600051,宁波联合
600501,航天晨光
301136,招标股份
002315,焦点科技
300940,南极光
300551,古鳌科技
603721,*ST天择
603683,晶华新材
301096,百诚医药
001318,阳光乳业
001205,盛航股份
601065,江盐集团
002726,龙大美食
002880,卫光生物
600455,博通股份
300213,佳讯飞鸿
300229,拓尔思
600916,中国黄金
600816,建元信托
603035,常熟汽饰
000628,高新发展
601899,紫金矿业
301020,密封科技
301028,鼎熔岩
301566,达利凯普
002011,盾安环境
603379,三美股份
000421,南京公用
601555,东吴证券
603050,科林电气
920575,康乐卫士
600439,瑞贝卡
688297,中无人机
002198,嘉应制药
301322,绿通科技
688060,云涌科技
301109,军信股份
002985,北摩高科
600779,水井坊
300328,宜安科技
002858,力盛体育
688281,华秦科技
300144,宋城演艺
002111,威海广泰
600336,澳柯玛
605069,正和生态
002872,ST天圣
300217,东方电热
600985,淮北矿业
002628,成都路桥
000415,渤海租赁
600117,西宁特钢
002323,雅博股份
300021,大禹节水
301095,广立微
688582,芯动联科
002406,远东传动
600518,康美药业
300128,锦富技术
601086,国芳集团
002421,达实智能
000721,西安饮食
688075,安旭生物
002815,崇达技术
603359,东珠生态
000793,*ST华闻
301598,博科测试
002607,中公教育
301533,威马农机
605018,长华集团
600993,马应龙
301112,信邦智能
601999,出版传媒
000567,海德股份
002664,信质集团
601566,九牧王
603506,南都物业
600312,平高电气
688596,正帆科技
601600,中国铝业
000901,航天科技
688232,新点软件
300513,恒实科技
600088,中视传媒
300079,数码视讯
002181,粤 传 媒
000605,渤海股份
300950,德固特
603162,海通发展
300993,玉马科技
002190,成飞集成
301088,戎美股份
688691,灿芯股份
605133,嵘泰股份
920183,海菲曼
002342,巨力索具
002863,今飞凯达
002469,三维化学
002646,天佑德酒
002362,汉王科技
300143,盈康生命
300045,华力创通
688408,中信博
600651,飞乐音响
603040,新坐标
300677,英科医疗
300339,润和软件
002670,国盛证券
688101,三达膜
002908,德生科技
002448,中原内配
000008,神州高铁
002098,浔兴股份
000682,东方电子
301458,钧崴电子
603280,南方路机
920091,大鹏工业
300197,节能铁汉
300354,东华测试
300592,华凯易佰
688680,海优新材
300997,欢乐家
603883,老百姓
688118,普元信息
300870,欧陆通
300987,川网传媒
002695,煌上煌
002950,奥美医疗
600725,云维股份
300247,融捷健康
000685,中山公用
301063,海锅股份
300909,汇创达
002673,西部证券
603312,西典新能
002697,红旗连锁
605599,菜百股份
600649,城投控股
002115,三维通信
301297,富乐德
688231,隆达股份
003027,同兴科技
301125,腾亚精工
300555,ST路通
605108,同庆楼
688789,宏华数科
300521,爱司凯
301381,赛维时代
300652,雷迪克
603912,佳力图
300416,苏试试验
601857,中国石油
603150,万朗磁塑
600558,大西洋
920403,康农种业
002825,纳尔股份
300746,汉嘉数智
603153,上海建科
688239,航宇科技
600285,羚锐制药
003816,中国广核
600346,恒力石化
920806,云星宇
600655,豫园股份
002035,华帝股份
300284,苏交科
301555,惠柏新材
300427,红相股份
300862,蓝盾光电
688777,中控技术
000888,峨眉山Ａ
300258,精锻科技
301189,奥尼电子
920237,力佳科技
603689,皖天然气
300415,伊之密
002500,山西证券
300183,东软载波
920039,国义招标
300599,雄塑科技
600265,ST景谷
300783,三只松鼠
002707,众信旅游
002520,日发精机
300097,ST智云
300864,南大环境
002783,凯龙股份
300629,新劲刚
002912,中新赛克
301330,熵基科技
300052,ST中青宝
300002,神州泰岳
600859,王府井
301539,宏鑫科技
002518,科士达
600825,新华传媒
002590,万安科技
002162,悦心健康
300447,全信股份
002419,天虹股份
300876,蒙泰高新
601099,太平洋
302132,中航成飞
002352,顺丰控股
600519,贵州茅台
002184,海得控制
002660,茂硕电源
601058,赛轮轮胎
301171,易点天下
600166,福田汽车
000929,*ST兰黄
600676,交运股份
002461,珠江啤酒
300162,雷曼光电
603956,威派格
603728,鸣志电器
002649,博彦科技
002654,万润科技
000797,中国武夷
001325,元创股份
301376,致欧科技
300830,金现代
920807,奔朗新材
603231,索宝蛋白
600506,统一股份
300660,江苏雷利
601636,旗滨集团
600522,中天科技
600226,亨通股份
920670,数字人
600148,长春一东
300800,力合科技
688045,必易微
000818,航锦科技
603717,天域生物
002387,维信诺
600803,新奥股份
601311,骆驼股份
002578,闽发铝业
300291,百纳千成
301072,中捷精工
300998,宁波方正
605300,佳禾食品
002953,日丰股份
688531,日联科技
002228,合兴包装
605118,力鼎光电
600108,亚盛集团
000731,四川美丰
002045,国光电器
920690,捷众科技
301378,通达海
300832,新产业
000518,*ST四环
688526,科前生物
300541,先进数通
000031,大悦城
600480,凌云股份
003011,海象新材
002413,雷科防务
600751,海航科技
600157,永泰能源
300770,新媒股份
688041,海光信息
002351,漫步者
003008,开普检测
601111,中国国航
301611,珂玛科技
603501,豪威集团
600871,石化油服
300349,金卡智能
603326,我乐家居
600284,浦东建设
688521,芯原股份
000517,荣安地产
301149,隆华新材
600399,抚顺特钢
920045,蘅东光
000877,天山股份
688401,路维光电
920015,锦华新材
300276,三丰智能
300488,恒锋工具
001333,光华股份
000777,中核科技
688079,美迪凯
301215,中汽股份
300581,晨曦航空
300609,汇纳科技
603045,福达合金
002558,巨人网络
600989,宝丰能源
603922,金鸿顺
920346,威贸电子
603788,宁波高发
600824,益民集团
600197,伊力特
300411,金盾股份
002733,雄韬股份
301237,和顺科技
002331,皖通科技
000030,富奥股份
603039,泛微网络
920527,夜光明
002881,美格智能
002206,海 利 得
688472,阿特斯
002239,奥特佳
600586,金晶科技
603165,荣晟环保
603131,上海沪工
300472,*ST新元
002703,浙江世宝
300109,新开源
600161,天坛生物
603310,巍华新材
300180,华峰超纤
603866,桃李面包
603528,多伦科技
600958,东方证券
600939,重庆建工
301030,仕净科技
603602,纵横通信
601007,金陵饭店
000026,飞亚达
002830,名雕股份
300590,移为通信
002410,广联达
920245,威博液压
688636,智明达
601696,中银证券
002116,中国海诚
002851,麦格米特
002264,新 华 都
300958,建工修复
920953,国子软件
300598,诚迈科技
603053,成都燃气
000028,国药一致
600361,创新新材
300936,中英科技
603908,牧高笛
688798,艾为电子
920433,大唐药业
603636,南威软件
002752,昇兴股份
002006,精工科技
688783,西安奕材-U
300413,芒果超媒
605080,浙江自然
002614,奥佳华
002511,中顺洁柔
301382,蜂助手
603329,上海雅仕
300418,昆仑万维
688128,中国电研
002641,公元股份
301000,肇民科技
002508,老板电器
003007,直真科技
301025,读客文化
000915,华特达因
002208,合肥城建
301183,东田微
301269,华大九天
002465,海格通信
000520,凤凰航运
300123,亚光科技
603661,恒林股份
600218,全柴动力
300532,今天国际
002266,浙富控股
603225,新凤鸣
300820,英杰电气
000712,锦龙股份
300296,利亚德
300020,ST银江
600309,万华化学
300458,全志科技
300812,易天股份
600906,财达证券
002148,北纬科技
000561,烽火电子
600712,南宁百货
000607,华媒控股
002552,宝鼎科技
300444,双杰电气
601666,平煤股份
688563,航材股份
002875,安奈儿
002886,沃特股份
600323,瀚蓝环境
002380,科远智慧
688599,天合光能
301338,凯格精机
000776,广发证券
000718,苏宁环球
688733,壹石通
920300,辰光医疗
600410,华胜天成
920027,交大铁发
000151,中成股份
301276,嘉曼服饰
600372,中航机载
600903,贵州燃气
600814,杭州解百
300307,慈星股份
600130,*ST波导
000728,国元证券
000948,南天信息
001238,浙江正特
600115,中国东航
688686,奥普特
603662,柯力传感
920974,凯大催化
002915,中欣氟材
601609,金田股份
000636,风华高科
300804,广康生化
688660,电气风电
301003,江苏博云
301173,毓恬冠佳
002374,中锐股份
300805,电声股份
002576,通达动力
600280,中央商场
000825,太钢不锈
603608,天创时尚
688078,龙软科技
601108,财通证券
300145,南方泵业
301123,奕东电子
000403,派林生物
000069,华侨城Ａ
600999,招商证券
603682,锦和商管
688539,高华科技
301296,新巨丰
300817,双飞集团
001279,强邦新材
688347,华虹公司
300884,狄耐克
600848,上海临港
688352,颀中科技
001298,好上好
002293,罗莱生活
600448,华纺股份
300873,海晨股份
920278,鹿得医疗
300120,经纬辉开
920266,生物谷
688722,同益中
002939,长城证券
600805,悦达投资
601399,国机重装
920576,天力复合
002790,瑞尔特
603137,恒尚节能
601700,风范股份
002981,朝阳科技
688306,均普智能
300681,英搏尔
600862,中航高科
688339,亿华通-U
603051,鹿山新材
300967,晓鸣股份
300614,百川畅银
920086,科马材料
301079,邵阳液压
000889,中嘉博创
603393,新天然气
601369,陕鼓动力
000417,合百集团
000409,云鼎科技
601003,柳钢股份
300719,安达维尔
920124,南特科技
600569,安阳钢铁
300264,佳创视讯
000839,国安股份
688039,当虹科技
000029,深深房Ａ
300494,盛天网络
603327,福蓉科技
300856,科思股份
300933,中辰股份
603120,肯特催化
300582,英飞特
300316,晶盛机电
601168,西部矿业
000715,中兴商业
000050,深天马Ａ
600210,紫江企业
301023,奕帆传动
002033,丽江股份
301332,德尔玛
300527,ST应急
600258,首旅酒店
002173,创新医疗
688361,中科飞测
688125,安达智能
002898,*ST赛隆
600061,国投资本
601068,中铝国际
002394,联发股份
603390,通达电气
600023,浙能电力
601198,东兴证券
301043,绿岛风
000886,海南高速
603988,中电电机
301050,雷电微力
001306,夏厦精密
002016,世荣兆业
603919,金徽酒
920061,西磁科技
300656,民德电子
002515,金字火腿
000419,通程控股
600292,电投水电
301633,港迪技术
688651,盛邦安全
002561,徐家汇
603085,天成自控
920119,美德乐
300602,飞荣达
688609,九联科技
000860,顺鑫农业
002026,山东威达
300511,雪榕生物
000917,电广传媒
920961,创远信科
601059,信达证券
688048,长光华芯
603917,合力科技
301590,优优绿能
920261,一诺威
301395,仁信新材
002768,国恩股份
002935,天奥电子
000166,申万宏源
688400,凌云光
001268,联合精密
605259,绿田机械
002757,南兴股份
603237,五芳斋
603239,浙江仙通
000571,新大洲A
688156,路德科技
002867,周大生
002472,双环传动
600335,国机汽车
920419,路斯股份
001386,马可波罗
600782,新钢股份
000815,美利云
603535,嘉诚国际
002679,福建金森
300825,阿尔特
002475,立讯精密
603886,元祖股份
600892,*ST大晟
688396,华润微
300691,联合光电
603368,柳药集团
002405,四维图新
300034,钢研高纳
300959,线上线下
601828,美凯龙
603103,横店影视
603194,中力股份
600697,欧亚集团
000987,越秀资本
002154,报 喜 鸟
600866,星湖科技
002484,江海股份
601990,南京证券
601330,绿色动力
300141,和顺电气
002735,王子新材
301556,托普云农
300279,和晶科技
002191,劲嘉股份
002217,合力泰
300978,东箭科技
600512,腾达建设
600271,航天信息
600352,浙江龙盛
300577,开润股份
688153,唯捷创芯
603688,石英股份
603697,有友食品
002625,光启技术
000819,岳阳兴长
300986,志特新材
301631,壹连科技
688143,长盈通
601012,隆基绿能
603341,龙旗科技
600918,中泰证券
603317,天味食品
001308,康冠科技
300659,中孚信息
600819,耀皮玻璃
600395,盘江股份
603030,全筑股份
601179,中国西电
300612,宣亚国际
600559,老白干酒
600261,阳光照明
688398,赛特新材
301176,逸豪新材
300338,ST开元
003012,东鹏控股
301156,美农生物
002877,智能自控
300600,国瑞科技
300517,海波重科
600182,S佳通
920566,梓橦宫
300809,华辰装备
300570,太辰光
600887,伊利股份
601162,天风证券
300152,ST新动力
300355,蒙草生态
603400,华之杰
603511,爱慕股份
920080,奥美森
001356,富岭股份
002193,如意集团
300235,方直科技
002201,九鼎新材
000717,中南股份
002427,尤夫股份
001309,德明利
600059,古越龙山
603031,安孚科技
301456,盘古智能
600765,中航重机
600734,实达集团
603269,海鸥股份
603633,徕木股份
600662,外服控股
300696,爱乐达
002088,鲁阳节能
688326,经纬恒润-W
603939,益丰药房
600797,浙大网新
001395,亚联机械
600885,宏发股份
002200,*ST交投
600874,创业环保
600882,妙可蓝多
600713,南京医药
603109,神驰机电
003009,中天火箭
002059,云南旅游
002064,华峰化学
688119,中钢洛耐
301468,博盈特焊
601952,苏垦农发
600998,九州通
920212,智新电子
002311,海大集团
603578,三星新材
600622,光大嘉宝
605358,立昂微
300787,海能实业
300471,厚普股份
000829,天音控股
300991,创益通
300624,万兴科技
002382,蓝帆医疗
002187,广百股份
603075,热威股份
001378,德冠新材
600873,梅花生物
600475,华光环能
300880,迦南智能
603061,金海通
000402,金 融 街
688159,有方科技
688365,光云科技
000096,广聚能源
002920,德赛西威
000070,特发信息
301221,光庭信息
002449,国星光电
603612,索通发展
300999,金龙鱼
688433,华曙高科
002570,贝因美
600511,国药股份
603758,秦安股份
002933,新兴装备
300409,道氏技术
301316,慧博云通
002983,芯瑞达
000428,华天酒店
920108,宏海科技
301571,国科天成
603198,迎驾贡酒
301041,金百泽
002065,东华软件
300470,中密控股
603706,东方环宇
601918,新集能源
600415,小商品城
920720,吉冈精密
300981,中红医疗
000949,新乡化纤
300917,特发服务
002014,永新股份
688456,有研粉材
300225,*ST金泰
002922,伊戈尔
601375,中原证券
301591,肯特股份
300928,华安鑫创
300414,中光防雷
600106,重庆路桥
603331,百达精工
300135,宝利国际
300177,中海达
688701,卓锦股份
301022,海泰科
920204,沪江材料
603619,中曼石油
002705,新宝股份
002093,国脉科技
600609,金杯汽车
002507,涪陵榨菜
002429,兆驰股份
601901,方正证券
002457,青龙管业
600834,申通地铁
300430,诚益通
301318,维海德
300802,矩子科技
688501,青达环保
600562,国睿科技
000001,平安银行
300650,太龙股份
002925,盈趣科技
301170,锡南科技
600109,国金证券
300176,鸿特科技
600193,*ST创兴
600120,浙江东方
600855,航天长峰
300424,航新科技
601633,长城汽车
603901,永创智能
603458,勘设股份
603170,宝立食品
600084,中信尼雅
000404,长虹华意
002073,软控股份
300747,锐科激光
600520,三佳科技
000759,中百集团
600507,方大特钢
920149,旭杰科技
300446,航天智造
003037,三和管桩
001314,亿道信息
688312,燕麦科技
000541,佛山照明
300701,森霸传感
688226,威腾电气
600373,中文传媒
300948,冠中生态
002929,润建股份
300369,绿盟科技
603860,中公高科
000998,隆平高科
600615,鑫源智造
600332,白云山
002313,日海智能
601005,重庆钢铁
300591,万里马
603416,信捷电气
002010,传化智联
600835,上海机电
920718,合肥高科
000920,沃顿科技
002443,金洲管道
002251,步步高
603382,海阳科技
000035,中国天楹
600340,华夏幸福
688115,思林杰
003015,日久光电
688618,三旺通信
603233,大参林
600987,航民股份
300979,华利集团
002893,京能热力
002420,毅昌科技
605005,合兴股份
000430,ST张家界
600839,四川长虹
301303,真兰仪表
688507,索辰科技
600491,龙元建设
300807,天迈科技
000823,超声电子
920964,润农节水
603376,大明电子
002823,凯中精密
600536,中国软件
300956,英力股份
688082,盛美上海
688448,磁谷科技
300353,东土科技
603859,能科科技
603100,川仪股份
001380,华纬科技
300173,ST福能
603058,永吉股份
603395,红四方
002667,威领股份
301032,新柴股份
600597,光明乳业
300088,长信科技
001322,箭牌家居
002164,宁波东力
600509,天富能源
600657,信达地产
000708,中信特钢
300287,飞利信
000967,盈峰环境
920016,中草香料
600718,东软集团
300024,机器人
300767,震安科技
603815,交建股份
002612,朗姿股份
002212,天融信
002283,天润工业
688459,哈铁科技
600606,绿地控股
688186,广大特材
002719,麦趣尔
300285,国瓷材料
300628,亿联网络
688480,赛恩斯
920123,芭薇股份
002423,中粮资本
002337,赛象科技
603699,纽威股份
002307,北新路桥
300068,南都电源
688695,中创股份
002624,完美世界
688562,航天软件
920476,海能技术
600633,浙数文化
601377,兴业证券
603289,泰瑞机器
000878,云南铜业
002639,雪人集团
603212,赛伍技术
920729,永顺生物
601360,三六零
600567,山鹰国际
301076,新瀚新材
920422,润普食品
301129,瑞纳智能
002338,奥普光电
920022,世昌股份
002276,万马股份
603199,九华旅游
688385,复旦微电
600636,*ST国化
301038,深水规院
301517,陕西华达
002300,太阳电缆
600329,达仁堂
603991,至正股份
920699,海达尔
300292,吴通控股
002533,金杯电工
688981,中芯国际
600155,华创云信
000848,承德露露
300259,新天科技
000632,三木集团
301278,快可电子
600100,同方股份
688327,云从科技-UW
688776,国光电气
000503,国新健康
600738,丽尚国潮
600160,巨化股份
605338,巴比食品
603161,科华控股
688126,沪硅产业
688570,天玛智控
000686,东北证券
600303,曙光股份
688162,巨一科技
600105,永鼎股份
300699,光威复材
920171,志晟信息
603205,健尔康
920168,通宝光电
300781,因赛集团
002818,富森美
002373,千方科技
603107,上海汽配
000333,美的集团
003001,中岩大地
300684,中石科技
300393,中来股份
002395,双象股份
301255,通力科技
301491,汉桑科技
688191,智洋创新
603680,今创集团
603648,畅联股份
600477,杭萧钢构
605228,神通科技
603101,XD汇嘉时
002571,德力股份
688479,友车科技
300621,维业股份
002717,ST岭南
603311,金海高科
600517,国网英大
920725,惠丰钻石
688606,奥泰生物
605598,上海港湾
300454,深信服
920026,卓兆点胶
300403,汉宇集团
920896,旺成科技
688819,天能股份
920706,铁拓机械
920056,能之光
603767,中马传动
300545,联得装备
603391,力聚热能
688169,石头科技
300504,天邑股份
002081,金 螳 螂
002765,蓝黛科技
002627,三峡旅游
920175,东方碳素
000882,华联股份
000563,陕国投Ａ
603169,兰石重装
301586,佳力奇
002791,坚朗五金
603206,嘉环科技
603559,ST通脉
002547,春兴精工
920370,新安洁
601188,龙江交通
600266,城建发展
603009,北特科技
920227,美登科技
601968,宝钢包装
301193,家联科技
000783,长江证券
300062,中能电气
301397,溯联股份
603663,三祥新材
300698,万马科技
002009,天奇股份
920701,豪声电子
600757,长江传媒
688296,和达科技
000930,中粮科技
002681,奋达科技
300188,国投智能
003036,泰坦股份
300596,利安隆
605376,博迁新材
688484,南芯科技
300926,博俊科技
603776,永安行
300441,鲍斯股份
002396,星网锐捷
300785,值得买
603638,艾迪精密
000925,众合科技
300303,聚飞光电
600390,五矿资本
002876,三利谱
605507,国邦医药
300563,神宇股份
600560,金自天正
603418,友升股份
920405,海希通讯
601066,中信建投
688551,科威尔
601992,金隅集团
301575,艾芬达
002563,森马服饰
300184,力源信息
301236,软通动力
301526,国际复材
603617,君禾股份
603273,天元智能
601456,国联民生
600150,中国船舶
002860,星帅尔
600162,香江控股
002096,易普力
300479,神思电子
688665,四方光电
920663,明阳科技
600653,申华控股
300053,航宇微
600650,锦江在线
301137,哈焊华通
603927,中科软
002426,胜利精密
920866,绿亨科技
600728,佳都科技
600917,重庆燃气
600030,中信证券
600295,鄂尔多斯
603406,天富龙
002739,万达电影
603112,华翔股份
000551,创元科技
600571,信雅达
301270,汉仪股份
688165,埃夫特-U
301117,佳缘科技
601933,永辉超市
000978,桂林旅游
001218,丽臣实业
603899,晨光股份
001283,豪鹏科技
003039,顺控发展
601686,友发集团
001335,信凯科技
300603,立昂技术
300044,ST赛为
002375,亚厦股份
300013,新宁物流
002110,三钢闽光
600406,国电南瑞
300007,汉威科技
600743,华远控股
003013,地铁设计
002061,浙江交科
920262,太湖雪
920112,巴兰仕
000056,皇庭国际
002613,北玻股份
300218,安利股份
301366,一博科技
002366,融发核电
600858,银座股份
301268,铭利达
000698,ST沈化
600592,龙溪股份
301559,中集环科
920826,盖世食品
920160,北矿检测
603993,洛阳钼业
920018,宏远股份
688282,理工导航
600436,片仔癀
002521,齐峰新材
920976,视声智能
605155,西大门
300828,锐新科技
002267,陕天然气
600231,凌钢股份
301048,金鹰重工
300557,理工光科
300552,万集科技
601727,上海电气
688249,晶合集成
000530,冰山冷热
000002,万  科Ａ
688233,神工股份
002870,香山股份
002926,华西证券
301106,骏成科技
002040,南 京 港
920057,百甲科技
600288,大恒科技
300010,豆神教育
002117,东港股份
688187,时代电气
300778,新城市
920682,球冠电缆
605255,天普股份
603307,扬州金泉
001220,世盟股份
688579,地纬智能
603196,璞源材料
600585,海螺水泥
002456,欧菲光
600072,中船科技
000897,津滨发展
300059,东方财富
920656,海昇药业
920274,宏裕包材
002027,分众传媒
300735,光弘科技
300496,中科创达
603787,新日股份
601788,光大证券
300050,世纪鼎利
002204,大连重工
920810,春光智能
301548,崇德科技
603396,金辰股份
600605,汇通能源
920832,齐鲁华信
002892,科力尔
603825,ST华扬
002130,沃尔核材
002101,广东鸿图
600158,中体产业
601717,中创智领
000981,山子高科
688001,华兴源创
601512,中新集团
000800,一汽解放
300102,乾照光电
603111,康尼机电
920020,泰凯英
688728,格科微
600809,山西汾酒
600081,东风科技
300566,激智科技
301229,纽泰格
300658,延江股份
688648,中邮科技
601010,文峰股份
002344,海宁皮城
300976,达瑞电子
002668,TCL智家
920000,安徽凤凰
600054,黄山旅游
000957,中通客车
301097,天益医疗
300515,三德科技
600548,深高速
002736,国信证券
002152,广电运通
688679,通源环境
000012,南  玻Ａ
688432,有研硅
301265,华新环保
600754,锦江酒店
600138,中青旅
688809,强一股份
002527,新时达
000659,珠海中富
920111,聚星科技
601827,三峰环境
600694,大商股份
601688,华泰证券
605168,三人行
605167,利柏特
688807,优迅股份
688538,和辉光电-U
300486,东杰智能
601021,春秋航空
600600,青岛啤酒
002233,塔牌集团
301578,辰奕智能
300752,隆利科技
301061,匠心家居
301589,诺瓦星云
601186,中国铁建
000400,许继电气
300553,集智股份
920931,无锡鼎邦
300644,南京聚隆
600460,士兰微
000514,渝 开 发
688367,工大高科
000898,鞍钢股份
001300,三柏硕
603337,杰克科技
688785,恒运昌
301107,瑜欣电子
600699,均胜电子
688721,龙图光罩
600667,太极实业
001914,招商积余
000880,潍柴重机
601878,浙商证券
920007,酉立智能
603308,应流股份
000798,中水渔业
002617,露笑科技
688147,微导纳米
002123,梦网科技
920679,前进科技
001223,欧克科技
603173,福斯达
600009,上海机场
002128,电投能源
688059,华锐精密
001267,汇绿生态
920855,浙江大农
300134,大富科技
002701,奥瑞金
002945,华林证券
000425,徐工机械
600741,华域汽车
600038,中直股份
603889,新澳股份
002439,启明星辰
688320,禾川科技
688080,映翰通
301632,广东建科
301368,丰立智能
688508,芯朋微
000863,三湘印象
002806,华锋股份
301029,怡合达
920592,华信永道
300982,苏文电能
002557,洽洽食品
603659,璞泰来
001391,国货航
600675,中华企业
603353,和顺石油
002916,深南电路
301449,天溯计量
002973,侨银股份
301552,科力装备
002230,科大讯飞
000727,冠捷科技
603370,华新精科
600156,华升股份
300623,捷捷微电
920608,丰安股份
001319,铭科精技
600861,北京人力
003026,中晶科技
601390,中国中铁
300187,永清环保
920267,鑫汇科
603708,家家悦
600685,中船防务
002534,西子洁能
600827,百联股份
600383,金地集团
301119,正强股份
600927,永安期货
920802,保丽洁
601136,首创证券
605188,国光连锁
600909,华安证券
300984,金沃股份
603000,人民网
920110,雷特科技
600104,上汽集团
000906,浙商中拓
002522,浙江众成
605222,起帆电缆
300811,铂科新材
300722,新余国科
000913,钱江摩托
603277,银都股份
002956,西麦食品
000733,振华科技
603013,亚普股份
601177,杭齿前进
000157,中联重科
000099,中信海直
603789,*ST星农
600004,白云机场
600192,长城电工
603181,皇马科技
600679,上海凤凰
002655,共达电声
603568,伟明环保
600229,城市传媒
002252,上海莱士
603408,建霖家居
002542,中化岩土
600028,中国石化
300310,宜通世纪
600938,中国海油
603081,大丰实业
600818,中路股份
600745,闻泰科技
920082,方正阀门
000524,岭南控股
000560,我爱我家
600736,苏州高新
920076,国亮新材
002543,万和电气
002723,小崧股份
920003,中诚咨询
003028,振邦智能
301151,冠龙节能
603306,华懋科技
000821,ST京机
002819,东方中科
601608,中信重工
603172,万丰股份
603210,泰鸿万立
600529,山东药玻
603990,麦迪科技
300678,中科信息
300739,明阳电路
002216,三全食品
002249,大洋电机
688631,莱斯信息
603178,圣龙股份
600620,天宸股份
000528,柳    工
688316,青云科技-U
920006,晟楠科技
300543,朗科智能
600021,上海电力
688379,华光新材
920445,龙竹科技
603108,润达医疗
601026,道生天合
600006,东风股份
002360,同德化工
600990,四创电子
002676,顺威股份
301222,浙江恒威
002153,石基信息
603037,凯众股份
688212,澳华内镜
300101,振芯科技
300771,智莱科技
002889,东方嘉盛
600039,四川路桥
300031,宝通科技
600796,钱江生化
300209,行云科技
603533,掌阅科技
601966,玲珑轮胎
603569,长久物流
688111,金山办公
603737,三棵树
002529,*ST海源
920571,国航远洋
600353,旭光电子
300789,唐源电气
000726,鲁  泰Ａ
301045,天禄科技
300860,锋尚文化
601328,交通银行
002436,兴森科技
600103,青山纸业
300689,澄天伟业
000090,天健集团
688234,天岳先进
603500,祥和实业
002911,佛燃能源
300105,龙源技术
600325,华发股份
300256,星星科技
920089,禾昌聚合
300921,南凌科技
002544,普天科技
002339,积成电子
600790,轻纺城
600075,新疆天业
300833,浩洋股份
600739,辽宁成大
688391,钜泉科技
300449,汉邦高科
301046,能辉科技
000538,云南白药
603350,安乃达
688335,复洁科技
600408,安泰集团
000652,泰达股份
301135,瑞德智能
300201,海伦哲
600959,江苏有线
002158,汉钟精机
603136,天目湖
601318,中国平安
600798,宁波海运
603236,移远通信
002573,清新环境
002928,华夏航空
600584,长电科技
002049,紫光国微
000725,京东方Ａ
600171,上海贝岭
600173,卧龙新能
920130,立方控股
300070,碧水源
603696,安记食品
002197,证通电子
002965,祥鑫科技
603868,飞科电器
600052,东望时代
603838,*ST四通
601001,晋控煤业
920509,同惠电子
002871,伟隆股份
300988,津荣天宇
601211,国泰海通
600510,黑牡丹
300792,壹网壹创
603611,诺力股份
688061,灿瑞科技
920185,贝特瑞
603729,龙韵股份
601500,通用股份
603876,鼎胜新材
000429,粤高速Ａ
301377,鼎泰高科
601975,招商南油
601106,中国一重
002414,高德红外
688093,世华科技
300700,岱勒新材
920599,同力股份
603596,伯特利
920753,天纺标
000532,华金资本
300918,南山智尚
301529,福赛科技
920402,硅烷科技
000778,新兴铸管
920371,欧福蛋业
300913,兆龙互连
600826,兰生股份
301011,华立科技
688403,汇成股份
300192,科德教育
603025,大豪科技
688280,精进电动-UW
688322,奥比中光-UW
002067,景兴纸业
600375,汉马科技
002948,青岛银行
603268,*ST松发
001388,信通电子
300824,北鼎股份
002747,埃斯顿
603322,超讯通信
301413,安培龙
603066,音飞储存
002885,京泉华
301058,中粮科工
601008,连云港
601816,京沪高铁
002859,洁美科技
603232,格尔软件
603881,数据港
001311,多利科技
688127,蓝特光学
920790,联迪信息
688213,思特威-W
688228,开普云
002905,金逸影视
600933,爱柯迪
000905,厦门港务
300845,捷安高科
688375,国博电子
600707,彩虹股份
920030,德众汽车
688010,福光股份
001212,中旗新材
300275,梅安森
301148,嘉戎技术
002372,伟星新材
920077,吉林碳谷
300492,华图山鼎
300788,中信出版
300172,中电环保
600405,动力源
603587,地素时尚
603195,公牛集团
002488,金固股份
600048,保利发展
601598,中国外运
603980,吉华集团
301606,绿联科技
300881,盛德鑫泰
300906,日月明
002159,三特索道
002185,华天科技
300277,汽轮科技
603291,联合水务
601766,中国中车
600755,厦门国贸
920122,中纺标
300167,ST迪威迅
920837,华原股份
002879,长缆科技
603300,海南华铁
688515,裕太微-U
003025,思进智能
300170,汉得信息
605169,洪通燃气
300252,金信诺
002355,兴民智通
600775,南京熊猫
300048,合康新能
301261,恒工精密
600720,中交设计
002085,万丰奥威
002151,北斗星通
603496,恒为科技
600421,*ST华嵘
688237,超卓航科
600481,双良节能
601238,广汽集团
601139,深圳燃气
603357,设计总院
603373,安邦护卫
600760,中航沈飞
300949,奥雅股份
600673,东阳光
605589,圣泉集团
600551,时代出版
601236,红塔证券
301179,泽宇智能
689009,九号公司-WD
002434,万里扬
001359,平安电工
688052,纳芯微
001326,联域股份
603201,常润股份
600064,南京高科
920008,成电光信
000058,深 赛 格
002236,大华股份
301336,趣睡科技
300643,万通智控
688585,上纬新材
920553,凯腾精工
603005,晶方科技
601133,柏诚股份
000923,河钢资源
920978,开特股份
605500,森林包装
000811,冰轮环境
688692,达梦数据
002036,联创电子
600761,安徽合力
601022,宁波远洋
301628,强达电路
002810,山东赫达
920392,佳合科技
002536,飞龙股份
001324,长青科技
002318,久立特材
301108,洁雅股份
688184,ST帕瓦
000625,长安汽车
300990,同飞股份
920068,天工股份
603565,中谷物流
000582,北部湾港
000678,襄阳轴承
002046,国机精工
688510,航亚科技
605088,冠盛股份
002222,福晶科技
300680,隆盛科技
002600,领益智造
920642,通易航天
301339,通行宝
603352,至信股份
603997,继峰股份
002976,瑞玛精密
601601,中国太保
920121,江天科技
301678,新恒汇
300843,胜蓝股份
600151,航天机电
603220,中贝通信
603202,天有为
603262,技源集团
300395,菲利华
601611,中国核建
688726,拉普拉斯
300474,景嘉微
300465,高伟达
300286,安科瑞
688612,威迈斯
688097,博众精工
603861,白云电器
603062,麦加芯彩
300713,英可瑞
600893,航发动力
603093,南华期货
600729,重庆百货
000997,新 大 陆
603855,华荣股份
601882,海天精工
300503,昊志机电
605060,联德股份
603516,淳中科技
603284,林平发展
301202,朗威股份
301525,儒竞科技
300819,聚杰微纤
301233,盛帮股份
002032,苏 泊 尔
603049,中策橡胶
600863,华能蒙电
600050,中国联通
603018,华设集团
600704,物产中大
601668,中国建筑
002451,摩恩电气
600153,建发股份
301618,长联科技
300012,华测检测
000709,河钢股份
601618,中国中冶
300091,*ST金灵
603126,中材节能
000837,秦川机床
600007,中国国贸
000910,大亚圣象
601588,北辰实业
000958,电投产融
000928,中钢国际
603701,德宏股份
688009,中国通号
002327,富安娜
600968,海油发展
002489,浙江永强
002482,广田集团
301175,中科环保
600221,海航控股
603305,旭升集团
688693,锴威特
000668,*ST荣控
600611,大众交通
001696,宗申动力
301439,泓淋电力
002303,美盈森
600239,云南城投
002047,*ST宝鹰
002031,巨轮智能
603328,依顿电子
603610,麒盛科技
601156,东航物流
600604,市北高新
600603,广汇物流
002076,*ST星光
603325,博隆技术
600187,国中水务
601163,三角轮胎
300756,金马游乐
688066,航天宏图
600339,中油工程
600590,泰豪科技
600623,华谊集团
600343,航天动力
600583,海油工程
300190,维尔利
920580,科创新材
000564,供销大集
920427,华维设计
920519,万德股份
002656,*ST摩登
688175,高凌信息
600418,江淮汽车
002211,ST宏达
920541,铁大科技
000595,*ST宝实
920717,瑞星股份
002986,宇新股份
002224,三 力 士
300569,天能重工
600526,菲达环保
000063,中兴通讯
603667,五洲新春
301538,骏鼎达
603119,浙江荣泰
603530,神马电力
688689,银河微电
001328,登康口腔
301313,凡拓数创
301379,天山电子
301305,朗坤科技
301186,超达装备
001208,华菱线缆
002134,天津普林
603409,汇通控股
001389,广合科技
301557,常友科技
301577,美信科技
920075,柏星龙
001285,瑞立科密
002353,杰瑞股份
605086,龙高股份
603197,保隆科技
300952,恒辉安防
002979,雷赛智能
603583,捷昌驱动
002180,纳思达
300351,永贵电器
000550,江铃汽车
301127,武汉天源
920116,星图测控
002415,海康威视
600889,南京化纤
603833,欧派家居
688122,西部超导
920221,易实精密
300246,宝莱特
603332,苏州龙杰
600710,苏美达
688256,寒武纪
301581,黄山谷捷
920263,中航泰达
603607,京华激光
000828,东莞控股
603816,顾家家居
603726,朗迪集团
920066,科拜尔
300761,立华股份
600246,万通发展
300846,首都在线
603033,三维股份
002003,伟星股份
002946,新乳业
000887,中鼎股份
601898,中煤能源
601137,博威合金
600283,钱江水利
300579,数字认证
600388,龙净环保
002690,美亚光电
603189,网达软件
603138,海量数据
000999,华润三九
000683,博源化工
920694,中裕科技
300842,帝科股份
300726,宏达电子
920098,科隆新材
301293,三博脑科
002048,宁波华翔
603955,大千生态
300593,新雷能
920950,迅安科技
600663,陆家嘴
688012,中微公司
688683,莱尔科技
001259,利仁科技
601800,中国交建
688557,兰剑智能
002597,金禾实业
688081,兴图新科
002997,瑞鹄模具
688790,昂瑞微-UW
301070,开勒股份
605277,新亚电子
600116,三峡水利
920275,驱动力
920037,广信科技
603766,隆鑫通用
688158,优刻得-W
600015,华夏银行
603678,火炬电子
002053,云南能投
300679,电连技术
300613,富瀚微
300889,爱克股份
603160,汇顶科技
603118,共进股份
920132,泰鹏智能
920475,三友科技
003041,真爱美家
301195,北路智控
688311,盟升电子
300712,永福股份
603338,浙江鼎力
000651,格力电器
920662,方盛股份
920885,星辰科技
301232,飞沃科技
300790,宇瞳光学
002138,顺络电子
603016,新宏泰
000937,冀中能源
300852,四会富仕
301160,翔楼新材
001339,智微智能
603281,江瀚新材
603151,邦基科技
300762,上海瀚讯
601789,宁波建工
920230,欧康医药
601988,中国银行
000559,万向钱潮
000548,湖南投资
600750,华润江中
300816,艾可蓝
001278,一彬科技
920062,科润智控
600279,重庆港
300438,鹏辉能源
601100,恒立液压
600983,惠而浦
301251,威尔高
603052,可川科技
688425,铁建重工
601229,上海银行
002109,兴化股份
600461,洪城环境
920943,优机股份
300324,旋极信息
603613,国联股份
002963,豪尔赛
600085,同仁堂
600508,上海能源
603055,台华新材
301319,唯特偶
301636,泽润新能
601939,建设银行
601928,凤凰传媒
920418,苏轴股份
000803,山高环能
600900,长江电力
002241,歌尔股份
603266,天龙股份
920378,泰德股份
920198,微创光电
002498,汉缆股份
000536,华映科技
920579,机科股份
300100,双林股份
603856,东宏股份
001373,翔腾新材
603666,亿嘉和
002878,元隆雅图
920273,一致魔芋
002771,真视通
603826,坤彩科技
688525,佰维存储
688380,中微半导
920118,太湖远大
002139,拓邦股份
920415,恒拓开源
002572,索菲亚
600368,五洲交通
600089,特变电工
002960,青鸟消防
300437,清水源
603979,金诚信
603823,百合花
920455,汇隆活塞
920906,舜宇精工
600016,民生银行
600302,标准股份
300733,西菱动力
688070,纵横股份
600545,卓郎智能
002884,凌霄泵业
002492,恒基达鑫
601398,工商银行
002631,德尔未来
920892,广咨国际
600969,郴电国际
301087,可孚医疗
000581,威孚高科
300806,斯迪克
603790,雅运股份
600248,陕建股份
605007,五洲特纸
000089,深圳机场
000885,城发环境
920260,中寰股份
920873,中设咨询
600036,招商银行
920508,殷图网联
601811,新华文轩
920092,汉鑫科技
300961,深水海纳
301286,侨源股份
300076,GQY视讯
600107,ST尔雅
300207,欣旺达
002595,豪迈科技
920195,三祥科技
600365,ST通葡
920163,方大新材
601916,浙商银行
600759,洲际油气
601226,华电科工
920833,美心翼申
920942,恒立钻具
600348,华阳股份
300664,鹏鹞环保
601117,中国化学
301310,鑫宏业
600315,上海家化
300671,富满微
688017,绿的谐波
002335,科华数据
601669,中国电建
300072,海新能科
601838,成都银行
300775,三角防务
000501,武商集团
000544,中原环保
600132,重庆啤酒
601619,嘉泽新能
600621,华鑫股份
300686,智动力
002516,旷达科技
600568,ST中珠
601866,中远海发
688449,联芸科技
002777,久远银海
600170,上海建工
600168,武汉控股
600828,茂业商业
605128,上海沿浦
603887,城地香江
600897,厦门空港
300096,ST易联众
920689,克莱特
600449,宁夏建材
603042,华脉科技
603920,世运电路
920781,瑞奇智造
920856,浩淼科技
300501,海顺新材
600528,中铁工业
300980,祥源新材
301568,思泰克
920184,国源科技
000723,美锦能源
300017,网宿科技
600000,浦发银行
603366,日出东方
603499,翔港科技
000049,德赛电池
603298,杭叉集团
603267,鸿远电子
601088,中国神华
600601,方正科技
300445,康斯特
920556,雅达股份
920060,万源通
601083,锦江航运
002672,东江环保
920748,路桥信息
920510,丰光精密
601128,常熟银行
688676,金盘科技
000983,山西焦煤
600879,航天电子
601138,工业富联
600320,振华重工
301280,珠城科技
300077,国民技术
300893,松原安全
000423,东阿阿胶
300249,依米康
301592,六九一二
002831,裕同科技
600860,京城股份
002663,普邦股份
002034,旺能环境
001226,拓山重工
920208,青矩技术
688035,德邦科技
002063,远光软件
601009,南京银行
601200,上海环境
300840,酷特智能
603057,紫燕食品
300693,盛弘股份
002478,常宝股份
601298,青岛港
002984,森麒麟
601615,明阳智能
600589,大位科技
002531,天顺风能
301227,森鹰窗业
000011,深物业A
601225,陕西煤业
920665,科强股份
920187,通领科技
601288,农业银行
301218,华是科技
001400,江顺科技
301326,捷邦科技
688717,艾罗能源
002179,中航光电
600941,中国移动
920871,派特尔
000521,长虹美菱
301042,安联锐视
301563,云汉芯城
300615,欣天科技
605009,豪悦护理
300345,华民股份
301596,瑞迪智驱
605488,福莱新材
688669,聚石化学
920821,则成电子
300455,航天智装
605011,杭州热电
002962,五方光电
000019,深粮控股
301165,锐捷网络
601199,江南水务
688299,长阳科技
301391,卡莱特
301004,嘉益股份
600241,时代万恒
002056,横店东磁
002647,*ST仁东
300772,运达股份
601728,中国电信
002992,宝明科技
002698,博实股份
301162,国能日新
000498,山东路桥
600031,三一重工
688092,爱科科技
601997,贵阳银行
603822,ST嘉澳
605098,行动教育
920035,精创电气
600011,华能国际
920139,华岭股份
300798,锦鸡股份
002936,郑州银行
603128,华贸物流
688685,迈信林
601900,南方传媒
301132,满坤科技
600787,中储股份
603685,晨丰科技
001228,永泰运
600458,时代新材
300419,ST浩丰
002938,鹏鼎控股
000738,航发控制
600817,宇通重工
605288,凯迪股份
002947,恒铭达
601169,北京银行
002787,华源控股
603315,福鞍股份
920247,华密新材
300301,ST长方
002772,众兴菌业
603355,莱克电气
002882,金龙羽
920870,恒进感应
920578,巨能股份
003004,*ST声迅
300571,平治信息
603757,大元泵业
002623,亚玛顿
001979,招商蛇口
002281,光迅科技
601919,中远海控
301617,博苑股份
300901,中胤时尚
300738,奥飞数据
301560,众捷汽车
605368,蓝天燃气
920249,利尔达
600997,开滦股份
002729,好利科技
603556,海兴电力
002943,宇晶股份
920029,开发科技
002887,绿茵生态
920363,莱赛激光
301638,南网数字
920058,华洋赛车
301505,苏州规划
300222,科大智能
603380,易德龙
603139,康惠股份
301099,雅创电子
920593,鼎智科技
600113,浙江东日
002769,普路通
600188,兖矿能源
920926,鸿智科技
601801,皖新传媒
601689,拓普集团
600919,江苏银行
003031,中瓷电子
301225,恒勃股份
300408,三环集团
603019,中科曙光
600580,卧龙电驱
603167,渤海轮渡
920106,林泰新材
300032,金龙机电
920436,大地电气
920396,常辅股份
301516,中远通
300302,同有科技
000006,深振业Ａ
603801,志邦家居
688011,新光光电
300160,秀强股份
002797,第一创业
601336,新华保险
601101,昊华能源
600894,广日股份
000007,全新好
301291,明阳电气
001234,泰慕士
002290,禾盛新材
300863,卡倍亿
688623,双元科技
600143,金发科技
920223,荣亿精密
300814,中富电路
001286,陕西能源
920471,美邦科技
002005,ST德豪
300365,恒华科技
688208,道通科技
000552,甘肃能化
002959,小熊电器
002229,鸿博股份
688416,恒烁股份
601998,中信银行
300565,科信技术
688248,南网科技
002156,通富微电
600926,杭州银行
920174,五新隧装
002553,南方精工
600362,江西铜业
000598,兴蓉环境
301235,华康洁净
688257,新锐股份
002857,三晖电气
603187,海容冷链
600575,淮河能源
002058,*ST威尔
920167,同享科技
688261,东微半导
600642,申能股份
000755,山西高速
002444,巨星科技
688766,普冉股份
000609,ST中迪
600546,山煤国际
002795,永和智控
920799,艾融软件
000995,皇台酒业
920985,海泰新能
601699,潞安环能
600217,中再资环
300115,长盈精密
920357,雅葆轩
920981,晶赛科技
002126,银轮股份
688800,瑞可达
002271,东方雨虹
600189,泉阳泉
600316,洪都航空
600794,保税科技
300904,威力传动
920128,胜业电气
002051,中工国际
300443,金雷股份
000591,太阳能
603060,国检集团
600684,珠江股份
000692,惠天热电
603316,诚邦股份
001221,悍高集团
600820,隧道股份
002080,中材科技
600639,浦东金桥
603043,广州酒家
600928,西安银行
600956,新天绿能
600737,中粮糖业
000875,电投绿能
601098,中南传媒
002966,苏州银行
003019,宸展光电
300669,沪宁股份
601698,中国卫通
600350,山东高速
300718,长盛轴承
301085,亚康股份
600123,兰花科创
605389,长龄液压
601702,华峰铝业
000680,山推股份
300536,农尚环境
002579,中京电子
603083,剑桥科技
300433,蓝思科技
688290,景业智能
301680,固德电材
920002,万达轴承
001227,兰州银行
601158,重庆水务
603999,读者传媒
300638,广和通
600026,中远海能
002616,长青集团
300972,万辰集团
600578,京能电力
001396,誉帆科技
601825,沪农商行
301039,中集车辆
301428,世纪恒通
920770,艾能聚
688700,东威科技
600257,大湖股份
600177,XD雅戈尔
601818,光大银行
601155,新城控股
002256,兆新股份
002832,比音勒芬
601222,林洋能源
301687,新广益
002650,ST加加
301180,万祥科技
000608,*ST阳光
001266,宏英智能
000065,北方国际
601166,兴业银行
000786,北新建材
605289,罗曼股份
300319,麦捷科技
601808,中海油服
920491,奥迪威
002028,思源电气
300916,朗特智能
601985,中国核电
300388,节能国祯
003033,征和工业
920438,戈碧迦
920533,骏创科技
688360,德马科技
600648,外高桥
000977,浪潮信息
601658,邮储银行
300442,润泽科技
601231,环旭电子
920225,利通科技
603067,振华股份
600682,南京新百
601518,吉林高速
603256,宏和科技
920857,泓禧科技
300069,金利华电
600593,大连圣亚
002112,三变科技
920469,富恒新材
600020,中原高速
000938,紫光股份
603219,富佳股份
920895,花溪科技
920270,天铭科技
301120,新特电气
600012,皖通高速
600035,楚天高速
300975,商络电子
301349,信德新材
300374,中铁装配
002142,宁波银行
000753,漳州发展
688096,京源环保
002431,棕榈股份
601011,宝泰隆
002183,怡 亚 通
603071,物产环能
688568,中科星图
688795,摩尔线程-U
600901,江苏金租
688027,国盾量子
300782,卓胜微
002273,水晶光电
920351,华光源海
600025,华能水电
920808,曙光数创
920374,云里物里
605117,德业股份
601567,三星医疗
600483,福能股份
688737,中自科技
002990,盛视科技
000921,海信家电
002244,滨江集团
920454,同心传动
601628,中国人寿
603773,沃格光电
603021,ST华鹏
603130,云中马
603655,朗博科技
688667,菱电电控
600398,海澜之家
600125,铁龙物流
300661,圣邦股份
688103,国力电子
600060,海信视像
601000,唐山港
300153,科泰电源
002692,远程股份
600018,上港集团
000338,潍柴动力
000004,*ST国华
600183,生益科技
603211,晋拓股份
603936,博敏电子
002050,三花智控
600118,中国卫星
301282,金禄电子
002899,英派斯
601018,宁波港
603606,东方电缆
600876,凯盛新能
603323,苏农银行
301603,乔锋智能
002243,力合科创
920299,灿能电力
000592,平潭发展
002611,东方精工
600008,首创环保
601038,一拖股份
001872,招商港口
301307,美利信
603215,比依股份
300857,协创数据
000557,西部创业
600345,长江通信
002278,神开股份
603986,兆易创新
000703,恒逸石化
300320,海达股份
920001,纬达光电
600641,先导基电
688802,沐曦股份-U
605208,永茂泰
300448,浩云科技
301302,华如科技
920028,新恒泰
920640,富士达
001376,百通能源
000088,盐 田 港
002506,协鑫集成
920046,亿能电力
605068,明新旭腾
688328,深科达
300300,海峡创新
600935,华塑股份
000021,深科技
688411,海博思创
688610,埃科光电
600726,华电能源
600905,三峡能源
600686,金龙汽车
300140,节能环境
600908,无锡银行
688655,迅捷兴
000677,恒天海龙
603228,景旺电子
601665,齐鲁银行
688008,澜起科技
300724,捷佳伟创
600381,*ST春天
301667,纳百川
300231,银信科技
300376,易事特
688102,斯瑞新材
600674,川投能源
600925,苏能股份
920010,凯添燃气
301668,昊创瑞通
002077,大港股份
301595,太力科技
920339,恒太照明
300342,天银机电
688678,福立旺
688371,菲沃泰
601033,永兴股份
002060,广东建工
920493,并行科技
003005,竞业达
600875,东方电气
000951,中国重汽
688307,中润光学
920158,长江能科
000883,湖北能源
002896,中大力德
600683,京投发展
002807,江阴银行
000801,四川九洲
300164,通源石油
920876,慧为智能
601577,长沙银行
601107,四川成渝
600238,*ST椰岛
002913,奥士康
301012,扬电科技
688047,龙芯中科
003018,金富科技
301365,矩阵股份
002384,东山精密
001323,慕思股份
600979,广安爱众
603586,金麒麟
603203,快克智能
920100,三协电机
000039,中集集团
300166,东方国信
300389,艾比森
601333,广深铁路
601326,秦港股份
300274,阳光电源
002958,青农商行
688270,臻镭科技
600033,福建高速
000533,顺钠股份
600886,国投电力
002869,金溢科技
688275,万润新能
601002,晋亿实业
920021,流金科技
600744,华银电力
688063,派能科技
600269,赣粤高速
300943,春晖智控
600066,宇通客车
300907,康平科技
603334,丰倍生物
601006,大秦铁路
600219,南山铝业
600722,金牛化工
002043,兔 宝 宝
600502,安徽建工
603759,海天股份
301157,华塑科技
000507,珠海港
300080,易成新能
601877,正泰电器
301399,英特科技
603969,银龙股份
601187,厦门银行
600644,乐山电力
600496,精工钢构
003035,南网能源
002839,张家港行
300221,银禧科技
301115,联检科技
688110,东芯股份
300509,新美星
600795,国电电力
605123,派克新材
002487,大金重工
300245,天玑科技
920932,科达自控
920088,科力股份
603227,雪峰科技
002039,黔源电力
300695,兆丰股份
688668,鼎通科技
603871,嘉友国际
605296,神农集团
300867,圣元环保
603091,众鑫股份
000509,华塑控股
300989,蕾奥规划
301068,大地海洋
600602,云赛智联
688516,奥特维
603017,中衡设计
000010,美丽生态
603285,键邦股份
001965,招商公路
300607,拓斯达
600376,首开股份
600425,青松建化
002528,ST英飞拓
000900,现代投资
002865,钧达股份
002636,金安国纪
300903,科翔股份
601963,重庆银行
600800,渤海化学
603628,清源股份
300516,久之洋
603601,再升科技
002052,同洲电子
001289,龙源电力
600377,宁沪高速
002796,世嘉科技
920924,广脉科技
002993,奥海科技
600608,*ST沪科
301656,联合动力
603828,ST柯利达
603958,哈森股份
002298,中电鑫龙
601228,广州港
920014,特瑞斯
300690,双一科技
300042,朗科科技
300113,顺网科技
920496,许昌智能
600970,中材国际
603557,ST起步
301361,众智科技
600753,*ST海钦
300938,信测标准
300499,高澜股份
002961,瑞达期货
301168,通灵股份
300502,新易盛
601077,渝农商行
603008,喜临门
600717,天津港
600468,百利电气
605178,时空科技
601860,紫金银行
301308,江波龙
600756,浪潮软件
600971,恒源煤电
002902,铭普光磁
001213,中铁特货
688123,聚辰股份
002479,富春环保
920992,中科美菱
603863,松炀资源
000856,冀东装备
920368,连城数控
301488,豪恩汽电
605286,同力天启
300475,香农芯创
600582,天地科技
603985,恒润股份
000066,中国长城
301312,智立方
600243,*ST海华
000061,农 产 品
300900,广联航空
300964,本川智能
603515,欧普照明
688183,生益电子
001270,*ST铖昌
300394,天孚通信
002285,世联行
603989,艾华集团
605056,咸亨国际
301588,美新科技
603099,长白山
002848,*ST高斯
600057,厦门象屿
603319,美湖股份
601015,陕西黑猫
001368,通达创智
301306,西测测试
002541,鸿路钢构
000809,和展能源
603296,华勤技术
688325,赛微微电
603629,利通电子
600433,冠豪高新
920641,格利尔
300099,尤洛卡
002259,升达林业
002202,金风科技
920036,觅睿科技
603615,茶花股份
300368,汇金股份
600792,云煤能源
688227,品高股份
600191,华资实业
002837,英维克
301005,超捷股份
002761,浙江建投
300500,启迪设计
301187,欧圣电气
601868,中国能建
300476,胜宏科技
300885,海昌新材
920145,恒合股份
000537,绿发电力
605111,新洁能
605377,华旺科技
603558,健盛集团
300308,中际旭创
688055,龙腾光电
300594,朗进科技
002801,微光股份
600167,联美控股
600452,涪陵电力
002630,ST华西
300136,信维通信
600703,三安光电
603817,海峡环保
002364,中恒电气
000401,金隅冀东
300897,山科智能
000547,航天发展
000670,盈方微
002658,雪迪龙
301133,金钟股份
301252,同星科技
300720,海川智能
301128,强瑞技术
920375,派诺科技
002218,拓日新能
603007,*ST花王
301248,杰创智能
603677,奇精机械
002792,通宇通讯
601778,晶科科技
301299,卓创资讯
300317,珈伟新能
920284,灵鸽科技
001316,润贝航科
000600,建投能源
603808,歌力思
000020,深华发Ａ
603929,亚翔集成
920651,天罡股份
301396,宏景科技
000599,青岛双星
300185,通裕重工
601515,衢州东峰
600121,郑州煤电
600135,乐凯胶片
001287,中电港
600719,大连热电
603937,丽岛新材
920564,天润科技
300749,顶固集创
002789,*ST建艺
301027,华蓝集团
600236,桂冠电力
603580,*ST艾艾
000601,韶能股份
600566,济川药业
300137,先河环保
002512,ST达华
603163,圣晖集成
688345,博力威
601880,辽港股份
600821,金开新能
000669,ST金鸿
600212,绿能慧充
688498,源杰科技
002214,*ST大立
920090,同辉信息
301479,弘景光电
300332,天壕能源
688021,奥福科技
601858,中国科传
688781,C视涯-UW
920414,欧普泰
600017,日照港
001256,炜冈科技
601319,中国人保
600289,ST信通
601908,京运通
300547,川环科技
600690,海尔智家
600995,南网储能
300850,新强联
001258,立新能源
000899,赣能股份
000791,甘肃能源
301329,信音电子
601528,瑞丰银行
688523,航天环宇
301196,唯科科技
300168,万达信息
601368,绿城水务
300827,上能电气
300257,开山股份
002242,九阳股份
300118,东方日升
000862,银星能源
920146,华阳变速
600027,华电国际
000690,宝新能源
603992,松霖科技
600098,广州发展
600681,百川能源
603421,鼎信通讯
688818,电科蓝天
002015,协鑫能科
600777,*ST新潮
001239,永达股份
603226,菲林格尔
000531,穗恒运Ａ
603001,奥康国际
002350,北京科锐
000789,万年青
002168,*ST惠程
603813,*ST原尚
001229,魅视科技
600355,*ST精伦
603105,芯能科技
301040,中环海陆
300763,锦浪科技
603803,瑞斯康达
920305,*ST云创
600780,通宝能源
300939,秋田微
000534,万泽股份
603687,大胜达
300085,银之杰
300751,迈为股份
002150,正泰电源
601218,吉鑫科技
600163,中闽能源
301281,科源制药
300040,九洲集团
688295,中复神鹰
603693,江苏新能
000966,长源电力
600930,华电新能
300335,迪森股份
000927,中国铁物
301658,首航新能
688519,南亚新材
002367,康力电梯
600032,浙江新能
601016,节能风电
301266,宇邦新材
000965,天保基建
000722,湖南发展
301155,海力风电
301682,C宏明
000539,粤电力Ａ
300391,长药退
300385,雪浪环境
300668,杰恩设计
688550,瑞联新材
002309,中利集团
600758,辽宁能源
002782,可立克
688287,*ST观典
301075,多瑞医药
920680,广道退
920188,悦龙科技
920181,赛英电子
920055,隆源股份
920011,晨光电机
833994,翰博高新
833874,泰祥股份
832317,观典防务
810014,莱特定转
810013,万通定转
810011,优机定转
688813,泰金新能
688811,有研复材
688555,退市泽达
688086,退市紫晶
605555,德昌股份
603996,退市中新
603963,*ST大药
603950,长源东谷
603933,睿能科技
603843,*ST正平
603603,退市博天
603555,ST贵人
603459,红板科技
603388,*ST元成
603293,埃泰克
603157,退市拉夏
603133,退市碳元
603056,德邦股份
603003,退市龙宇
601989,中国重工
601558,退市锐电
601299,中国北车
601268,*ST二重
601258,*ST庞大
601028,玉龙股份
600991,广汽长丰
600978,*ST宜生
600899,*ST信联
600898,*ST美讯
600896,退市海医
600891,退市秋林
600890,退市中房
600878,*ST北科
600870,退市厦华
600856,退市中天
600852,*ST中川
600849,上药转换
600842,中西药业
600840,新湖创业
600837,海通证券
600836,*ST易连
600832,东方明珠
600823,*ST世茂
600813,ST鞍一工
600811,*ST东方
600806,退市昆机
600804,退市鹏博
600799,*ST龙科
600788,*ST达曼
600786,东方锅炉
600781,退市辅仁
600772,S*ST龙昌
600767,退市运盛
600766,退市园城
600762,S*ST金荔
600752,*ST哈慈
600747,退市大控
600735,ST新华锦
600723,首商股份
600709,ST生态
600705,中航产融
600701,退市工新
600700,*ST数码
600695,退市绿庭
600687,退市刚泰
600680,*ST上普
600677,*ST航通
600672,*ST华圣
600670,*ST斯达
600669,*ST鞍成
600659,*ST花雕
600656,退市博元
600652,退市游久
600647,退市同达
600646,ST国嘉
600634,退市富控
600632,华联商厦
600631,百联股份
600627,上电股份
600625,PT水仙
600614,退市鹏起
600607,上实医药
600591,*ST上航
600565,ST迪马
600555,退市海创
600553,太行水泥
600532,退市未来
600485,*ST信威
600472,包头铝业
600466,*ST蓝光
600462,退市九有
600432,退市吉恩
600401,退市海润
600393,ST粤泰
600387,退市海越
600385,退市金泰
600357,承德钒钛
600321,正源股份
600317,营口港
600311,*ST荣华
600306,退市商城
600297,广汇汽车
600296,S兰铝
600291,退市西水
600290,*ST华仪
600286,S*ST国瓷
600277,ST亿利
600275,退市昌鱼
600270,外运发展
600263,路桥建设
600260,*ST凯乐
600253,天方药业
600247,*ST成城
600242,退市中昌
600240,退市华业
600225,退市卓朗
600220,ST阳光
600213,*ST亚星
600209,退市罗顿
600205,S山东铝
600200,退市苏吴
600190,退市锦港
600181,S*ST云大
600175,退市美都
600146,退市环球
600145,退市新亿
600139,*ST西源
600122,*ST宏图
600112,*ST天成
600102,莱钢股份
600093,退市易见
600092,S*ST精密
600091,退市明科
600090,退市济堂
600087,退市长油
600086,退市金钰
600083,*ST博信
600077,*ST宋都
600074,退市保千
600070,*ST富润
600069,退市银鸽
600068,葛洲坝
600065,*ST联谊
600005,武钢股份
600003,ST东北高
600002,齐鲁石化
600001,邯郸钢铁
301696,三瑞智能
301683,慧谷新材
301666,大普微-W
301513,尚水智能
301309,万得凯
300992,泰福泵业
300799,左江退
300742,越博退
300630,普利退
300526,中潜退
300495,*ST美尚
300431,暴风退
300392,腾信退
300379,东通退
300372,欣泰退
300367,网力退
300362,天翔退
300356,光一退
300344,*ST立方
300336,新文退
300330,计通退
300325,德威退
300312,邦讯退
300309,吉艾退
300297,蓝盾退
300282,三盛退
300280,紫天退
300273,和佳退
300262,*ST巴安
300216,千山退
300208,中程退
300202,聚龙退
300186,大华农
300178,腾邦退
300165,ST天瑞
300156,神雾退
300117,*ST嘉寓
300116,*ST保力
300108,*ST吉药
300104,乐视退
300090,盛运退
300089,文化退
300064,金刚退
300038,数知退
300028,金亚退
300023,宝德退
002781,奇信退
002776,*ST柏龙
002770,科迪退
002751,易尚退
002750,龙津退
002740,*ST爱迪
002718,友邦吊顶
002711,欧浦退
002699,*ST美盛
002684,猛狮退
002680,长生退
002665,ST航高
002621,*ST美吉
002619,*ST艾格
002618,丹邦退
002610,ST爱康
002604,龙力退
002509,天茂退
002505,鹏都农牧
002504,*ST弘高
002503,*ST搜特
002502,ST鼎龙
002499,科林退
002477,雏鹰退
002473,圣莱退
002464,众应退
002450,康得退
002447,晨鑫退
002435,ST长康
002433,太安退
002417,深南退
002411,必康退
002359,北讯退
002357,富临运业
002341,ST新纶
002336,人乐退
002325,*ST洪涛
002308,*ST威创
002288,*ST超华
002280,ST联络
002260,德奥退
002231,*ST奥维
002220,天宝退
002147,新光退
002143,印纪退
002118,*ST紫鑫
002113,*ST天润
002089,新海退
002087,新纺退
002071,长城退
002070,众和退
002018,华信退
002013,中航机电
002002,ST鸿达
001257,盛龙股份
000996,中期退
000982,中银绒业
000979,中弘退
000976,*ST华铁
000971,*ST高升
000961,ST中南
000959,首钢股份
000956,中原油气
000939,凯迪退
000918,*ST嘉凯
000916,华北高速
000866,扬子石化
000861,海印股份
000851,*ST高鸿
000836,ST富通
000835,长动退
000832,*ST龙涤
000827,*ST长兴
000817,辽河油田
000806,银河退
000805,*ST炎黄
000787,*ST创智
000780,ST平能
000769,*ST大菲
000765,*ST华信
000763,锦州石化
000760,斯太退
000748,长城信息
000732,ST泰禾
000730,*ST环保
000699,S*ST佳纸
000693,华泽退
000689,ST宏业
000687,华讯退
000675,ST银山
000673,当代退
000671,ST阳光城
000667,ST美置
000666,经纬纺机
000662,天夏退
000660,*ST南华
000658,ST海洋
000653,ST九州
000627,*ST天茂
000622,恒立退
000621,*ST比特
000618,吉林化工
000616,*ST海投
000613,东海A退
000611,天首退
000606,顺利退
000602,金马集团
000594,国恒退
000588,PT粤金曼
000587,*ST金洲
000585,东电退
000584,工智退
000583,S*ST托普
000578,盐湖集团
000569,长城股份
000562,宏源证券
000556,PT南洋
000549,S湘火炬
000542,TCL通讯
000540,*ST中天
000535,*ST猴王
000527,美的电器
000522,白云山A
000515,攀渝钛业
000511,烯碳退
000508,琼民源A
000502,绿景退
000418,小天鹅A
000416,*ST民控
000413,ST旭电
000412,ST五环
000406,石油大明
000405,ST鑫光
000150,*ST宜康
000047,ST中侨
000046,*ST泛海
000040,*ST旭蓝
000038,大通退
000033,新都退
000024,招商地产
000023,*ST深天
000018,神城A退
000015,PT中浩A
000013,*ST石化A
000005,ST星源
000003,PT金田A
